"SubjID","AltID","Condition","tCommonRatio1a","tCommonRatio1b","tCommonRatio2a","tCommonRatio2b","tCommonRatio3a","tCommonRatio3b","tExamplesGeometric1a","tExamplesGeometric1b","tExamplesGeometric2a","tExamplesGeometric2b","tExamplesGeometric3a","tExamplesGeometric3b","tExplicitGeometric1a","tExplicitGeometric1b","tExplicitGeometric2a","tExplicitGeometric2b","tExplicitGeometric3a","tExplicitGeometric3b","tExtendGeometric1a","tExtendGeometric1c","tExtendGeometric2a","tExtendGeometric2c","tExtendGeometric3a","tExtendGeometric3b","tModelExtendTableGeometric1a","tModelExtendTableGeometric1b","tModelExtendTableGeometric2a","tModelExtendTableGeometric2b","tModelExtendTableGeometric3a","tModelExtendTableGeometric3b","tRecursiveRuleGeometric1a","tRecursiveRuleGeometric1b","tRecursiveRuleGeometric2a","tRecursiveRuleGeometric2b","tRecursiveRuleGeometric3a","tRecursiveRuleGeometric3b","tSolveGeometricProblems1a","tSolveGeometricProblems1b","tSolveGeometricProblems2a","tSolveGeometricProblems2b","tSolveGeometricProblems3a","tSolveGeometricProblems3b","tTableExtendGeometric1a","tTableExtendGeometric1b","tTableExtendGeometric2a","tTableExtendGeometric2b","tTableExtendGeometric3a","tTableExtendGeometric3b","tVerbalRuleExplicitModelGeometric2a","tVerbalRuleExplicitModelGeometric3a","tVerbalRuleExtendModelGeometric1a","tVerbalRuleExtendModelGeometric1b","tVerbalRuleExtendModelGeometric2a","tVerbalRuleModelGeometric3a","tVisualExplicitVerbalRuleModelGeometric3a","tVisualExplicitVerbalRuleModelGeometric3b","tVisualExtendGeometric1a","tVisualExtendGeometric1b","tVisualExtendGeometric1c","tVisualExtendGeometric2a","tVisualExtendGeometric3a","tVisualExtendTableModelVerbalRuleGeometric2a","tVisualExtendVerbalRuleModelGeometric2a"
"S241","s10-01","adaptive_full",1,1,1,1,1,1,1,1,0,1,1,1,1,1,0,0,0,0,1,1,1,1,0,1,1,1,1,1,0,0,0,0,0,0,0,0,0,1,1,0,0,0,1,1,0,0,0,1,0,0,1,1,0,0,0,0,1,1,0,1,0,1,1
"S230","s10-02","linear_full",1,1,1,1,0,1,1,1,1,1,1,1,0,1,0,0,0,1,1,1,1,0,1,1,1,1,1,1,0,1,1,1,0,1,1,1,1,1,1,1,1,0,0,0,0,1,0,0,1,0,1,1,1,0,1,1,0,0,0,0,0,0,1
"S232","s10-03","adaptive_full",1,1,0,0,0,0,0,0,0,0,0,0,0,0,0,0,0,0,1,1,0,0,0,0,1,1,1,1,1,1,0,0,0,0,0,0,1,0,1,1,0,1,1,0,1,0,1,1,0,0,1,0,1,0,1,0,0,0,0,0,0,0,0
"S233","s10-04","linear_full",1,1,1,1,1,1,1,1,0,1,1,1,0,0,0,0,0,1,1,1,1,1,1,1,1,1,1,1,0,1,1,1,1,1,0,1,1,1,1,1,1,1,1,0,0,0,1,1,1,1,1,1,1,0,0,0,0,0,1,1,1,0,0
"S236","s10-05","linear_full",0,1,0,0,0,0,0,0,0,0,0,0,1,1,0,0,1,1,0,0,0,0,0,0,0,0,1,0,0,0,1,1,0,0,1,1,1,1,0,1,0,0,0,0,0,0,0,0,1,1,0,0,0,0,0,1,0,0,0,0,0,0,0
"S235","s10-06","adaptive_full",1,1,0,1,1,1,0,0,0,0,0,0,1,1,0,1,1,0,1,1,1,0,1,0,1,0,0,0,0,0,0,0,0,0,0,1,1,1,0,1,0,0,1,1,0,0,0,0,1,0,1,1,1,0,0,0,1,1,1,1,0,1,1
"S240","s10-07","adaptive_acc",1,1,1,1,0,0,1,1,0,0,0,1,0,1,0,1,0,0,0,0,1,0,0,0,1,1,0,1,0,0,1,0,0,1,0,0,0,0,0,0,0,0,0,0,0,1,0,1,1,0,1,1,0,0,0,1,0,0,0,0,0,0,1
"S239","s10-08","linear_full",1,1,1,1,0,0,1,1,1,1,1,1,1,1,1,1,0,0,1,1,1,0,1,0,1,0,1,1,1,1,0,0,0,0,0,0,1,1,1,1,0,0,0,1,1,1,0,1,1,0,1,1,1,1,1,0,0,1,0,0,0,0,0
"S234","s10-09","adaptive_acc",0,0,0,0,0,0,0,0,0,0,0,0,0,0,0,0,1,0,1,1,0,0,0,0,0,1,1,1,0,0,0,0,0,1,0,0,0,1,0,0,1,0,1,1,0,0,1,1,0,0,0,1,0,0,0,0,0,0,0,0,0,0,0
"S231","s10-10","adaptive_acc",0,0,1,1,0,NA,0,0,0,0,0,0,1,1,0,0,1,1,1,1,1,1,0,1,1,1,1,1,1,1,1,1,1,1,1,1,1,1,1,1,0,1,1,0,0,1,0,1,1,1,0,0,1,0,0,0,1,1,0,0,0,0,1
"S243","s10-11","adaptive_acc",1,1,1,1,0,0,1,1,0,0,0,0,0,0,0,0,0,0,1,1,1,1,1,0,1,1,0,1,0,0,0,0,0,0,1,0,0,1,1,1,0,0,1,1,1,1,0,0,1,0,0,0,0,0,0,0,0,0,0,0,0,0,1
"S228","s10-12","adaptive_acc",0,0,1,1,0,0,0,0,0,0,0,0,0,0,0,1,0,0,1,1,0,1,0,1,0,0,1,0,0,0,0,0,0,0,0,0,0,1,1,1,0,0,0,0,1,0,0,1,0,0,1,0,0,0,0,0,1,1,0,1,0,0,1
"S238","s10-13","adaptive_full",1,1,0,1,1,1,1,1,1,1,1,0,0,1,1,1,0,0,1,1,0,0,1,1,1,0,0,0,1,0,0,1,1,1,1,0,0,1,1,0,0,0,0,0,0,1,0,0,1,0,1,0,1,0,1,0,1,1,0,0,0,0,1
"S229","s10-14","adaptive_full",0,0,0,0,0,0,0,0,0,0,0,0,0,0,0,0,0,0,1,1,1,0,1,1,1,1,1,1,1,0,0,1,0,1,1,0,1,0,0,1,0,0,1,1,0,0,0,1,1,0,1,1,0,0,0,0,1,1,0,0,0,0,1
"S242","s10-15","linear_full",0,1,1,0,0,0,0,0,0,0,0,0,0,0,1,1,1,1,1,1,1,1,1,1,1,1,1,1,0,1,0,0,0,1,0,0,1,1,1,1,0,0,0,0,0,1,1,0,1,1,0,0,1,0,0,1,1,1,0,0,0,1,1
"S237","s10-16","adaptive_acc",0,1,0,0,0,0,1,1,0,0,0,0,NA,NA,NA,NA,NA,NA,NA,1,NA,NA,NA,NA,1,1,1,1,1,1,NA,NA,1,0,1,NA,1,0,0,0,0,0,1,1,0,1,0,1,1,0,1,1,1,0,0,0,1,1,1,0,1,0,1
"S260","s11-01","linear_full",0,0,1,1,0,0,1,0,1,1,1,0,0,0,0,0,0,0,1,1,1,1,0,0,1,1,1,1,0,1,1,0,1,1,1,1,1,0,1,1,0,0,0,1,0,0,1,1,1,0,1,0,1,0,0,0,0,0,0,0,0,0,0
"S257","s11-02","linear_full",1,1,0,1,0,0,0,1,0,1,1,1,0,0,0,0,0,0,1,1,1,0,1,1,0,0,1,1,0,0,0,0,1,0,1,0,1,1,0,0,0,0,1,0,0,0,0,1,0,0,0,0,0,0,0,0,0,0,0,0,0,0,0
"S258","s11-03","adaptive_acc",0,1,0,1,0,0,0,0,0,0,0,0,0,0,0,0,0,0,1,1,1,0,1,0,1,1,1,1,0,1,0,1,0,0,0,0,0,1,0,1,0,0,1,0,0,0,0,1,0,0,0,1,1,0,0,0,1,1,1,1,0,1,1
"S249","s11-04","adaptive_acc",0,1,0,0,0,0,0,0,0,0,0,0,0,0,0,0,1,0,1,1,1,0,0,0,1,0,0,0,0,0,1,0,0,0,0,0,0,0,0,0,0,0,1,0,0,0,0,0,1,1,0,1,1,0,0,1,1,1,0,0,0,0,0
"S253","s11-05","adaptive_full",0,1,0,0,0,0,0,0,0,0,0,0,0,0,0,0,1,0,1,1,1,0,0,1,0,1,1,1,0,0,1,0,0,1,0,0,0,0,0,0,1,0,1,0,0,1,0,1,1,0,0,0,1,0,0,0,0,1,1,0,0,0,1
"S263","s11-06","linear_full",1,1,0,0,0,0,0,0,0,0,0,0,1,0,0,0,0,1,1,1,1,0,0,1,1,1,1,1,0,0,1,1,1,1,1,1,1,1,0,1,1,0,1,1,0,0,1,1,1,0,0,0,1,0,0,0,0,0,0,0,0,0,0
"S252","s11-07","adaptive_acc",0,0,0,0,0,0,0,0,0,0,0,0,0,0,0,0,1,1,0,0,0,0,0,0,0,0,0,1,0,0,0,0,1,0,0,0,0,0,0,0,0,1,0,0,0,1,0,1,0,0,0,0,0,0,0,0,0,0,0,0,0,0,0
"S255","s11-08","adaptive_acc",1,1,0,0,1,0,1,1,1,1,1,1,0,0,0,0,0,0,1,1,1,1,1,0,1,1,1,1,0,1,0,0,0,1,1,0,1,1,1,1,0,0,0,0,0,1,0,1,1,1,1,0,1,0,1,1,0,0,0,0,0,0,1
"S254","s11-09","linear_full",1,1,1,1,0,1,1,1,1,1,1,1,0,1,0,0,0,1,1,1,1,1,1,1,1,1,1,1,0,1,0,0,0,1,1,1,1,1,1,1,0,1,1,1,1,0,1,1,1,1,0,0,1,0,1,0,1,1,1,0,0,1,1
"S261","s11-10","adaptive_acc",1,1,1,1,0,0,0,0,0,0,0,0,0,0,0,1,0,1,1,1,0,0,0,0,0,0,0,0,1,0,0,1,1,1,0,0,1,0,1,1,0,0,1,0,0,0,0,1,0,0,1,0,0,0,1,1,0,1,1,0,0,1,0
"S262","s11-11","adaptive_full",1,1,0,0,0,0,0,0,0,0,0,0,0,0,0,0,0,1,1,1,0,0,1,1,0,0,0,0,1,0,0,0,1,0,0,0,0,1,0,1,0,1,1,0,0,0,0,1,0,0,0,0,0,0,0,0,1,1,0,1,0,0,1
"S251","s11-12","linear_full",0,1,1,1,0,0,0,0,0,0,0,0,1,1,0,0,1,1,0,1,0,0,0,1,1,1,1,1,0,1,0,0,1,0,1,0,1,1,0,0,0,0,1,0,0,0,1,1,1,0,0,1,1,0,1,1,0,0,0,0,0,0,0
"S250","s11-13","adaptive_full",1,1,0,1,1,0,0,0,0,0,0,0,0,0,0,1,1,1,1,1,1,1,0,0,1,1,0,1,0,1,0,1,1,0,0,0,1,0,1,0,1,1,1,0,0,0,0,1,1,0,1,0,0,0,0,0,0,0,0,0,0,0,1
"S259","s11-14","adaptive_full",1,1,1,1,0,NA,1,0,0,0,1,1,1,1,0,0,1,0,1,1,0,1,1,0,1,1,1,1,1,1,1,0,1,0,1,1,1,1,1,1,0,0,1,0,0,0,0,1,1,0,1,1,1,0,0,0,0,0,0,0,0,0,1
"S256","s11-15","adaptive_full",0,0,0,1,0,0,0,1,0,0,0,0,0,NA,0,1,0,0,0,1,0,0,0,0,0,0,0,0,0,0,0,0,1,0,1,0,0,1,0,1,0,1,0,0,0,0,0,1,1,1,0,0,0,0,0,0,0,0,0,0,0,0,1
"S284","s12-01","adaptive_acc",0,0,0,0,0,0,0,0,0,0,0,0,0,0,0,0,1,1,0,1,1,0,0,0,0,0,0,0,0,0,0,0,0,0,0,0,0,0,1,0,0,0,0,0,0,0,0,1,0,0,0,0,0,0,0,0,0,0,0,0,0,0,0
"S283","s12-02","linear_full",0,0,0,0,0,0,0,0,0,0,0,0,0,0,0,0,1,1,1,1,0,0,0,0,0,1,0,0,0,0,0,1,0,1,0,1,1,0,0,0,0,0,0,0,0,0,0,1,1,0,0,1,1,0,0,0,0,0,0,0,0,0,0
"S273","s12-03","adaptive_full",0,0,0,0,0,0,0,0,0,0,0,0,0,0,0,0,1,0,0,0,0,0,1,0,0,0,0,0,0,0,0,0,0,0,0,1,0,0,0,1,0,0,0,0,0,0,0,1,0,1,0,0,1,0,0,0,0,0,0,0,0,0,0
"S285","s12-04","adaptive_full",0,0,0,0,0,0,0,0,0,0,0,0,0,1,1,0,0,0,0,0,0,0,0,0,0,0,0,0,0,1,0,0,0,0,0,0,0,0,0,0,0,0,0,0,0,0,0,0,0,0,1,0,1,0,0,0,0,0,0,0,0,0,0
"S272","s12-05","adaptive_acc",1,NA,0,0,0,1,NA,NA,0,NA,NA,NA,NA,NA,NA,NA,1,NA,NA,NA,0,0,0,NA,0,NA,NA,NA,NA,NA,NA,NA,NA,NA,NA,NA,0,0,1,1,1,0,0,0,0,0,NA,NA,NA,NA,0,0,1,NA,NA,NA,0,1,0,0,NA,0,0
"S274","s12-06","linear_full",0,0,0,0,0,0,1,0,0,0,0,0,0,0,0,0,0,0,0,0,0,0,0,0,1,0,1,0,0,0,0,0,1,0,1,0,0,0,1,0,0,0,0,0,1,0,0,0,1,1,1,0,0,0,0,0,0,0,0,0,0,0,0
"S281","s12-07","adaptive_acc",1,0,0,0,0,0,0,NA,NA,NA,NA,NA,NA,NA,NA,NA,NA,NA,0,0,0,0,0,0,0,0,0,NA,NA,NA,NA,NA,NA,NA,NA,NA,0,1,1,1,0,0,0,0,0,1,0,0,NA,NA,0,1,1,0,NA,NA,1,1,0,0,0,0,0
"S276","s12-08","adaptive_full",NA,NA,0,0,NA,NA,NA,NA,0,NA,NA,NA,NA,NA,NA,NA,NA,NA,NA,NA,0,0,0,NA,0,1,NA,NA,NA,NA,NA,NA,NA,NA,NA,NA,0,0,0,0,0,0,1,1,0,0,1,1,NA,NA,0,0,0,NA,NA,NA,0,0,0,0,NA,0,0
"S275","s12-09","adaptive_acc",0,0,0,0,0,0,NA,NA,0,0,0,0,NA,NA,NA,NA,NA,NA,0,0,0,0,NA,NA,0,0,0,1,NA,NA,NA,NA,NA,NA,NA,NA,0,0,0,0,1,0,0,0,0,0,NA,NA,NA,NA,0,0,0,NA,NA,NA,0,0,0,0,0,0,0
"S280","s12-10","linear_full",0,1,0,0,0,0,0,0,0,0,1,0,0,0,0,0,0,0,0,0,0,0,0,0,1,0,0,0,1,0,0,1,0,0,0,0,0,0,0,1,0,0,1,0,1,0,0,0,0,1,NA,NA,NA,NA,NA,NA,NA,NA,NA,NA,NA,NA,NA
"S282","s12-11","adaptive_full",NA,NA,0,1,0,NA,NA,NA,0,NA,NA,NA,NA,NA,NA,NA,NA,NA,NA,NA,0,0,0,0,0,0,NA,NA,NA,NA,NA,NA,NA,NA,NA,NA,1,1,0,1,1,0,0,NA,0,0,0,NA,NA,NA,0,1,1,NA,NA,0,0,0,0,0,NA,0,0
"S270","s12-12","adaptive_full",1,0,0,0,0,0,NA,NA,0,NA,NA,NA,NA,NA,NA,NA,NA,NA,NA,NA,NA,NA,NA,NA,0,0,1,1,0,0,NA,NA,NA,NA,NA,NA,1,1,1,0,0,0,NA,NA,0,0,1,1,1,NA,0,1,1,0,0,0,NA,NA,NA,0,0,0,1
"S269","s12-13","adaptive_acc",1,1,0,0,0,0,NA,NA,0,NA,NA,NA,NA,NA,NA,NA,NA,NA,1,1,1,0,0,1,0,0,0,0,NA,NA,NA,NA,NA,NA,NA,NA,1,1,0,1,1,0,1,1,0,0,1,1,NA,NA,0,1,1,NA,NA,NA,0,0,NA,0,0,0,0
"S278","s12-14","adaptive_acc",1,0,0,0,0,0,0,0,0,0,0,0,0,0,0,0,0,0,0,0,0,0,0,0,0,0,0,1,0,0,0,0,1,1,0,0,0,0,1,1,0,0,0,0,0,0,0,0,1,0,0,1,0,0,0,1,0,0,0,0,0,0,0
"S279","s12-15","adaptive_full",NA,NA,NA,NA,NA,NA,NA,NA,NA,NA,NA,NA,NA,NA,NA,NA,NA,NA,NA,NA,NA,0,NA,NA,NA,NA,NA,NA,NA,NA,NA,NA,NA,NA,NA,NA,0,0,0,0,0,0,NA,NA,0,0,NA,NA,NA,NA,0,0,0,NA,NA,1,1,1,0,0,0,0,0
"S271","s12-16","linear_full",0,1,0,0,0,0,0,0,0,0,0,0,0,0,0,0,1,1,1,1,0,0,0,0,0,0,0,1,0,1,0,0,0,1,1,0,1,1,0,0,NA,NA,NA,NA,NA,NA,NA,NA,NA,NA,NA,NA,NA,NA,NA,NA,NA,NA,NA,NA,NA,NA,NA
"S277","s12-17","linear_full",0,0,0,0,0,0,0,1,0,0,0,0,1,0,0,0,1,1,0,0,0,0,0,0,0,0,0,1,0,0,0,1,0,1,1,1,0,0,0,1,0,0,0,0,0,1,0,1,0,0,0,0,1,0,0,0,0,0,0,0,0,0,0
"S298","s13-01","adaptive_full",NA,NA,0,0,1,1,1,1,0,1,1,1,NA,NA,NA,NA,NA,0,NA,NA,0,1,1,NA,1,1,1,1,0,0,NA,NA,NA,NA,NA,NA,1,1,1,1,0,0,NA,NA,0,0,0,0,0,NA,1,0,1,0,NA,NA,0,NA,NA,0,0,0,0
"S308","s13-02","linear_full",0,0,0,0,0,0,0,0,1,1,1,1,0,0,0,0,1,0,0,0,0,0,0,0,0,0,0,0,0,0,0,1,0,0,1,0,0,1,0,0,0,1,0,0,0,0,0,1,0,0,0,0,0,0,0,0,0,0,0,0,0,0,0
"S299","s13-03","linear_full",0,0,0,0,0,1,0,0,1,1,1,0,0,1,1,1,0,1,1,1,0,0,1,0,0,0,0,0,0,0,0,1,1,0,0,0,1,0,0,0,1,1,1,0,0,0,0,0,0,0,0,0,1,0,0,0,0,NA,NA,NA,NA,NA,NA
"S302","s13-04","linear_full",0,1,0,1,0,0,0,1,0,0,0,0,0,0,0,0,0,0,1,1,1,0,0,0,1,1,1,1,0,1,0,1,1,1,1,0,1,1,0,1,1,0,1,1,1,1,1,1,0,0,0,0,0,0,1,0,0,0,1,1,0,0,0
"S307","s13-05","adaptive_full",1,0,0,0,0,0,0,0,0,0,0,0,0,0,1,0,NA,NA,1,1,0,1,0,0,1,0,1,0,0,1,0,0,0,0,0,1,1,0,0,0,0,0,0,0,0,0,0,0,0,0,0,0,0,0,0,1,0,0,0,0,0,0,1
"S291","s13-06","adaptive_acc",0,0,0,0,0,0,0,0,0,0,0,0,0,0,0,0,0,0,0,0,0,0,0,0,0,0,0,0,0,1,1,1,0,0,0,0,0,0,1,1,0,0,0,0,0,0,0,0,0,0,1,0,1,0,0,0,0,0,0,0,0,0,0
"S297","s13-07","adaptive_acc",0,0,0,0,0,0,0,0,0,0,0,0,0,1,0,0,0,1,1,1,0,0,0,0,0,0,1,1,0,1,0,1,0,0,0,0,1,1,0,0,0,0,0,0,0,1,0,1,1,1,1,0,1,0,0,1,0,0,0,0,0,0,0
"S296","s13-08","linear_full",1,1,1,0,1,0,0,0,1,1,1,1,1,0,1,0,1,0,1,1,1,1,0,0,1,0,0,0,0,1,0,0,0,0,0,0,0,0,1,0,1,0,1,0,0,0,1,1,0,0,1,0,0,0,1,0,0,0,0,0,0,0,0
"S292","s13-09","adaptive_full",0,0,0,0,0,0,0,0,0,0,0,0,0,0,0,1,0,1,1,1,0,0,0,0,0,0,0,1,0,0,0,0,0,0,1,0,0,1,0,0,0,0,1,1,0,0,0,0,0,0,0,0,1,0,1,0,0,0,0,0,0,0,1
"S304","s13-10","adaptive_full",NA,NA,NA,NA,NA,NA,NA,NA,0,0,0,NA,NA,NA,NA,NA,NA,NA,NA,NA,NA,NA,NA,NA,1,1,1,1,0,0,NA,NA,NA,NA,NA,NA,0,1,1,1,0,1,NA,NA,0,0,1,1,0,NA,0,0,1,0,1,0,NA,NA,NA,0,0,0,0
"S301","s13-11","adaptive_full",0,0,0,0,0,0,0,0,0,0,0,0,NA,NA,0,0,0,1,1,1,0,0,0,0,0,0,1,0,0,0,0,0,0,0,0,0,0,0,0,1,1,1,0,1,0,0,1,1,1,0,0,0,0,0,1,0,0,0,1,0,0,0,1
"S305","s13-12","linear_full",1,1,1,1,1,1,1,0,1,1,1,1,0,0,0,0,0,0,1,1,1,1,1,1,0,1,1,1,0,1,0,1,1,1,1,1,1,1,1,1,1,1,1,1,0,0,1,0,0,0,0,0,1,0,0,1,NA,NA,NA,NA,NA,NA,NA
"S294","s13-13","adaptive_acc",0,0,0,0,0,0,0,0,0,0,0,0,0,0,0,0,0,1,1,1,0,1,0,0,0,0,0,0,0,0,1,0,0,0,0,0,1,0,1,1,1,0,1,0,0,1,0,0,0,0,1,1,0,0,1,0,0,0,0,0,0,0,0
"S295","s13-14","adaptive_full",0,0,0,0,0,0,0,0,0,0,0,0,0,NA,0,0,1,0,1,0,0,0,0,0,0,0,0,1,0,0,0,1,0,0,1,1,0,1,1,0,1,0,1,1,0,1,0,1,0,0,1,1,1,0,0,0,0,0,0,0,0,0,0
"S303","s13-15","adaptive_acc",0,0,0,0,0,0,NA,NA,0,0,0,0,NA,NA,NA,NA,NA,NA,1,1,0,0,0,0,0,1,1,1,0,1,NA,NA,NA,NA,NA,NA,0,0,0,1,1,1,0,1,0,1,1,0,NA,NA,0,1,0,0,NA,NA,0,0,0,0,1,0,0
"S306","s13-16","adaptive_acc",1,1,0,1,0,0,NA,NA,0,0,0,0,NA,NA,NA,NA,NA,NA,1,0,1,0,1,1,1,0,0,1,0,0,NA,NA,NA,NA,NA,NA,1,1,0,1,1,0,0,1,0,0,0,1,NA,NA,0,0,0,NA,NA,NA,0,0,0,0,0,0,0
"S300","s13-17","adaptive_acc",0,0,0,0,0,0,0,0,0,0,0,0,0,0,0,0,1,1,1,0,0,0,0,0,0,0,1,0,0,0,0,0,0,0,0,0,0,0,1,0,0,0,1,0,0,1,1,1,0,0,1,0,0,0,0,0,0,0,0,0,0,0,1
"S293","s13-18","linear_full",0,0,0,0,0,0,0,0,0,0,0,0,0,0,0,0,0,0,1,1,1,0,0,0,0,1,0,0,0,0,0,0,0,0,0,0,1,1,0,1,0,0,0,0,0,0,0,0,1,0,0,0,1,0,0,0,0,0,0,0,0,0,0
"S316","s14-01","adaptive_full",NA,NA,NA,NA,NA,NA,NA,NA,NA,NA,NA,NA,NA,NA,NA,NA,NA,NA,NA,NA,NA,NA,NA,NA,NA,NA,1,1,1,1,NA,NA,NA,NA,NA,NA,0,1,1,1,0,0,NA,NA,0,0,1,1,NA,NA,NA,NA,NA,0,NA,NA,0,NA,NA,1,0,0,1
"S319","s14-02","adaptive_full",0,0,0,0,0,0,0,0,0,1,0,0,0,1,0,1,1,0,0,1,0,0,0,0,0,1,0,1,0,0,0,1,0,1,1,1,0,0,0,0,1,1,0,0,0,0,0,1,1,0,0,0,1,0,0,1,0,0,0,0,1,0,0
"S317","s14-03","linear_full",0,1,1,1,0,0,0,0,0,0,0,0,0,0,0,0,1,1,1,1,0,0,0,1,0,0,0,0,0,1,0,1,0,0,0,0,0,1,0,1,0,0,1,1,0,0,1,1,0,0,0,0,0,0,1,0,0,0,0,0,1,0,0
"S318","s14-04","adaptive_acc",0,1,1,0,0,0,0,0,1,1,0,0,0,1,0,1,1,0,0,1,1,0,0,0,0,0,1,0,0,0,0,0,0,0,0,0,1,1,0,0,0,0,0,0,0,0,0,1,0,0,0,0,0,0,1,1,0,0,0,0,0,0,1
"S320","s14-05","linear_full",0,1,0,0,0,0,0,0,0,1,1,0,0,0,0,0,0,0,1,1,0,0,0,0,1,1,1,1,1,1,0,0,1,1,1,1,1,1,1,0,0,0,1,0,0,1,0,0,1,0,0,0,0,NA,NA,NA,NA,NA,NA,NA,NA,NA,NA
"S315","s14-06","adaptive_acc",0,0,0,1,0,0,0,0,0,1,0,0,0,0,0,0,1,0,1,1,1,0,1,0,1,0,1,1,0,0,0,1,0,0,1,0,1,1,0,0,0,0,0,0,0,0,1,0,1,0,0,0,1,0,0,0,0,0,1,0,0,0,0
"S334","s15-01","linear_full",1,1,1,1,0,0,0,0,1,0,1,1,1,1,0,0,0,0,1,1,0,1,0,1,1,1,1,1,0,0,1,1,0,0,0,0,0,0,0,0,1,0,1,0,1,0,1,0,1,0,0,0,1,0,1,0,0,0,0,0,0,0,0
"S324","s15-02","adaptive_full",1,1,0,1,0,0,0,0,0,0,0,0,1,0,0,0,0,0,1,1,0,0,1,1,1,0,1,1,0,0,0,0,0,1,0,0,0,0,0,0,0,0,0,1,0,0,0,1,1,0,0,0,1,0,0,1,0,0,0,0,0,0,0
"S325","s15-03","linear_full",1,1,1,1,0,1,0,1,1,1,1,1,0,0,0,0,0,1,1,1,1,1,1,1,1,1,1,1,0,1,0,0,0,0,0,0,1,1,1,1,1,1,1,1,0,1,1,1,1,1,0,1,1,1,0,0,0,1,1,1,0,1,0
"S328","s15-04","linear_full",1,1,0,1,1,1,1,1,1,0,1,0,0,1,0,0,0,0,0,0,1,1,1,1,1,0,0,1,0,0,1,1,1,0,1,1,1,1,1,1,0,0,1,1,1,1,1,1,0,1,1,0,1,0,0,0,0,0,0,0,0,0,0
"S327","s15-05","adaptive_full",0,0,1,0,0,0,0,0,0,0,0,0,NA,NA,NA,NA,NA,NA,0,1,0,1,0,0,1,0,0,0,0,0,0,NA,0,1,0,0,0,0,0,0,0,0,0,1,0,0,0,1,1,0,0,1,1,0,0,1,0,0,0,0,0,0,0
"S323","s15-06","adaptive_acc",1,NA,1,1,0,0,1,1,1,0,1,1,1,0,0,0,0,0,0,1,1,0,1,1,1,1,1,1,1,1,1,0,1,1,1,1,1,1,1,1,1,0,1,1,0,0,0,1,1,1,0,0,1,0,1,0,0,0,1,1,0,1,1
"S336","s15-07","adaptive_full",0,0,0,0,0,0,0,0,0,0,0,0,0,0,0,0,1,1,0,1,0,0,0,0,0,0,0,0,0,0,0,0,1,0,0,0,1,1,1,0,0,0,0,0,0,0,0,0,0,0,1,0,0,0,0,0,0,0,0,0,0,0,0
"S333","s15-08","adaptive_full",1,1,1,1,1,1,0,0,0,0,0,0,0,1,0,1,0,0,NA,NA,0,1,NA,NA,1,1,1,1,1,1,1,1,0,1,1,1,1,1,1,1,0,0,1,1,1,1,0,1,1,0,0,1,1,0,0,0,1,1,1,0,1,0,1
"S332","s15-09","adaptive_acc",0,0,0,0,0,0,0,0,0,0,0,0,0,1,0,0,0,1,1,1,1,0,1,1,1,0,1,1,0,1,1,0,0,0,1,0,0,1,0,1,1,1,1,0,1,1,0,0,1,0,0,0,1,0,1,0,1,1,1,1,0,0,1
"S331","s15-10","linear_full",0,0,1,1,0,0,0,0,0,0,0,0,1,1,0,0,0,0,1,0,1,0,0,0,1,0,1,0,0,0,0,0,0,0,0,0,0,0,1,0,0,0,0,0,0,0,0,0,0,0,0,0,0,0,1,0,1,1,0,0,0,0,1
"S329","s15-11","adaptive_acc",1,1,0,0,1,0,1,1,0,0,1,0,0,0,0,0,0,0,1,0,0,0,0,0,0,1,0,0,1,0,1,0,1,0,0,1,1,0,0,0,0,0,0,0,0,1,0,1,1,0,1,0,0,0,1,1,0,0,0,0,0,0,1
"S326","s15-12","adaptive_acc",1,NA,NA,NA,NA,NA,NA,NA,0,NA,NA,NA,NA,NA,NA,NA,NA,NA,NA,NA,NA,NA,NA,NA,1,0,1,1,0,0,NA,NA,NA,NA,NA,NA,1,1,0,0,1,0,NA,NA,NA,NA,0,NA,NA,NA,NA,NA,1,0,1,0,0,NA,NA,1,0,0,1
"S338","s15-13","adaptive_acc",0,0,0,0,0,0,1,1,0,0,0,0,NA,NA,0,NA,NA,NA,1,1,0,0,1,0,0,0,1,1,0,1,0,1,0,0,1,1,1,0,1,1,0,0,1,0,0,1,0,0,0,0,1,1,1,0,0,0,0,0,0,0,0,0,0
"S335","s15-14","adaptive_acc",1,1,1,1,0,NA,0,0,0,1,0,0,0,0,0,1,0,1,1,1,1,0,1,1,1,1,1,1,0,0,1,1,1,1,0,0,1,1,1,1,0,1,1,1,0,0,0,1,1,1,1,1,0,0,1,0,0,0,0,0,0,1,0
"S337","s15-15","linear_full",0,0,0,0,0,0,1,0,0,0,0,0,0,1,0,0,0,0,1,0,0,0,0,0,0,0,1,0,1,0,1,0,1,0,0,0,1,0,0,1,0,0,0,0,0,0,0,0,0,0,1,0,1,0,0,0,0,0,0,0,0,0,0
"S330","s15-16","adaptive_full",0,0,0,0,0,0,1,1,0,0,0,0,0,1,0,0,0,1,1,1,1,1,0,0,1,0,1,1,1,0,0,0,1,1,1,0,1,1,1,0,0,0,1,1,0,1,1,1,1,0,0,1,0,0,1,0,0,1,1,1,0,0,0
"S055","s01-01","adaptive_acc",0,1,0,0,0,0,0,0,0,0,0,0,0,0,0,0,0,0,0,1,0,0,0,0,0,0,0,0,0,0,1,0,0,0,0,0,0,0,0,0,0,1,0,0,0,1,0,0,1,0,1,0,1,0,0,0,0,0,0,0,0,0,0
"S058","s01-02","adaptive_acc",1,1,1,1,0,0,0,0,0,0,0,0,1,1,0,0,0,1,1,1,0,1,0,1,1,1,1,1,1,0,1,1,1,1,1,1,0,0,1,1,0,0,0,0,0,0,0,1,0,1,0,1,1,0,0,0,1,1,1,1,0,0,1
"S053","s01-03","adaptive_full",0,0,0,0,0,0,0,0,0,0,0,0,0,0,0,0,0,0,0,0,0,0,0,0,0,1,1,1,0,0,0,0,0,0,0,1,1,0,0,0,0,0,0,0,0,0,0,1,1,0,1,0,1,0,0,1,0,0,0,0,0,1,1
"S061","s01-04","adaptive_acc",0,0,0,0,0,0,0,0,0,0,0,0,0,0,1,1,0,0,1,0,1,0,0,0,1,1,0,1,0,0,1,1,1,0,0,0,1,0,1,1,1,0,0,0,0,0,0,1,0,0,1,1,0,0,1,0,0,0,1,0,1,0,1
"S063","s01-05","adaptive_acc",1,1,0,1,0,0,0,0,0,0,0,0,1,0,0,0,0,0,1,1,0,0,1,1,1,0,0,0,1,0,0,1,0,1,0,0,1,1,1,1,1,1,1,0,0,0,0,0,0,0,1,1,0,0,0,0,0,0,0,0,0,0,0
"S066","s01-06","adaptive_acc",1,0,0,1,0,0,0,0,0,0,0,0,0,0,0,0,0,0,1,1,0,1,1,0,0,1,0,1,1,0,0,0,0,1,0,0,1,0,1,1,0,0,1,0,1,1,0,1,0,0,0,0,1,0,0,1,0,0,0,0,0,0,0
"S062","s01-07","adaptive_full",0,0,0,0,0,0,0,0,0,0,0,0,NA,NA,0,0,0,0,1,1,1,0,0,1,1,0,1,0,1,0,0,1,0,0,0,0,1,0,1,1,0,0,0,0,0,0,0,0,1,0,0,0,0,0,0,0,0,0,0,0,0,0,0
"S054","s01-08","linear_full",0,0,0,1,0,0,1,1,1,1,1,1,0,0,1,0,0,0,1,1,0,1,1,1,1,1,1,1,1,0,0,0,0,0,0,0,1,1,1,0,1,0,1,1,1,1,1,1,1,1,0,0,1,0,0,1,0,0,0,0,0,1,1
"S057","s01-09","linear_full",0,1,0,0,0,0,0,1,0,0,0,0,0,0,0,0,0,0,0,1,1,1,1,1,1,1,1,1,0,1,0,0,0,1,1,1,0,1,1,1,1,0,1,0,0,1,0,1,1,1,0,1,0,NA,NA,NA,NA,NA,NA,NA,NA,NA,NA
"S060","s01-10","linear_full",1,1,1,1,0,0,0,0,0,0,0,0,1,0,0,0,0,0,1,1,1,1,1,1,0,0,1,1,0,1,1,1,0,0,1,0,1,1,1,1,1,0,1,1,1,1,0,1,0,0,1,0,0,0,0,0,0,0,0,0,0,0,0
"S067","s01-11","adaptive_full",0,0,0,0,0,0,0,0,0,0,0,0,NA,NA,0,0,0,NA,1,1,0,0,0,0,1,1,0,0,0,0,0,1,0,0,0,0,0,0,0,0,0,0,0,0,0,0,0,0,1,0,0,0,0,0,0,0,0,0,0,0,0,0,0
"S056","s01-12","adaptive_full",1,1,0,0,0,0,0,0,0,0,0,0,0,1,0,0,0,1,1,1,1,0,1,0,0,0,1,0,1,1,0,1,0,0,1,0,0,0,1,1,0,0,0,0,1,0,1,1,0,0,0,1,1,0,0,0,0,0,0,0,0,0,0
"S059","s01-13","adaptive_full",0,0,0,0,0,0,0,NA,0,0,0,0,0,1,1,1,NA,NA,0,0,0,0,1,0,1,1,0,1,0,1,NA,NA,1,1,1,NA,1,0,1,1,0,0,0,0,0,0,0,0,1,1,1,1,1,0,0,0,0,0,0,0,0,0,1
"S064","s01-14","adaptive_full",1,1,1,1,0,0,0,0,0,0,0,0,1,1,0,1,0,0,1,1,0,0,1,1,1,1,1,1,0,0,0,0,0,1,0,0,1,1,1,1,1,1,0,0,0,1,1,1,1,1,1,0,1,0,1,1,1,1,1,0,0,1,1
"S065","s01-15","linear_full",0,1,1,1,1,0,0,0,0,1,1,1,1,1,0,0,0,0,1,1,0,1,1,1,1,1,0,0,1,0,0,0,1,0,1,1,0,1,0,1,0,0,0,1,1,1,1,1,1,0,0,0,1,0,0,0,0,0,0,1,0,0,0
"S068","s01-16","linear_full",0,0,0,0,0,0,0,0,0,0,0,0,0,0,0,0,0,0,0,0,0,1,0,0,0,0,1,1,0,0,1,0,0,1,0,0,1,1,0,0,0,1,1,1,0,0,1,1,0,1,0,0,0,0,1,1,0,1,0,0,0,0,0
"S052","s01-17","adaptive_acc",NA,NA,NA,NA,NA,NA,NA,NA,1,1,1,1,NA,NA,NA,NA,NA,NA,NA,NA,NA,NA,NA,NA,1,1,1,1,0,0,NA,NA,NA,NA,NA,NA,1,1,1,1,1,0,NA,NA,1,1,0,1,0,0,1,1,1,0,1,0,0,0,NA,0,0,0,0
NA,"s01-18","adaptive_full",0,0,0,0,0,0,0,0,0,0,0,0,NA,NA,0,0,0,NA,1,1,0,0,0,0,1,1,0,0,0,0,0,1,0,0,0,0,0,0,0,0,0,0,0,0,0,0,0,0,1,0,0,0,0,0,0,0,0,0,0,0,0,0,0
"S091","s02-01","linear_full",0,0,0,0,0,0,0,0,0,0,0,0,1,1,0,0,0,1,1,1,0,1,0,0,1,0,1,1,0,0,0,0,1,0,1,1,0,0,0,0,0,0,1,1,0,1,0,1,1,1,0,1,1,0,0,0,0,0,0,0,0,0,1
"S075","s02-02","adaptive_full",1,1,0,1,0,NA,1,1,0,1,0,1,0,0,1,1,1,0,1,0,1,1,1,0,1,0,1,1,1,1,0,1,0,1,0,0,1,1,1,1,0,0,0,0,1,0,0,1,1,1,1,0,0,0,1,1,1,1,0,0,0,0,1
"S074","s02-03","adaptive_acc",0,0,0,0,0,0,0,0,0,0,0,0,0,0,0,0,1,0,1,1,0,0,1,1,1,0,1,1,0,0,1,0,0,0,0,0,0,1,0,0,0,0,1,1,1,1,0,1,1,1,1,0,1,0,0,0,0,0,0,0,0,0,1
"S088","s02-04","linear_full",0,1,1,1,0,0,0,0,0,0,0,0,0,0,0,0,0,0,1,1,0,1,0,0,1,0,0,1,0,1,0,1,0,1,0,1,0,0,1,0,0,0,1,1,1,0,0,1,1,0,1,1,0,0,0,0,0,0,0,0,0,0,0
"S082","s02-05","linear_full",1,1,1,1,0,0,0,0,0,0,0,0,0,0,1,1,0,0,1,1,0,0,0,0,1,1,0,0,0,1,0,0,0,0,0,0,0,0,1,1,0,0,1,1,0,0,0,1,0,0,0,0,1,0,1,0,0,0,0,0,0,0,0
"S083","s02-06","adaptive_acc",0,0,0,0,0,0,0,0,0,0,0,0,0,1,0,1,0,0,0,1,0,0,0,0,0,1,1,0,1,0,0,0,1,1,0,0,1,0,1,1,0,0,0,0,0,0,0,0,1,0,0,0,0,0,1,0,0,0,0,0,0,0,0
"S086","s02-07","adaptive_acc",1,1,1,1,0,0,1,1,1,1,1,1,0,0,0,1,0,1,1,1,1,1,1,1,1,1,1,1,0,0,0,1,0,0,0,0,1,1,1,1,1,0,1,0,0,1,0,1,1,0,1,1,1,1,0,0,0,0,0,0,0,0,0
"S087","s02-08","adaptive_full",1,1,1,1,0,0,0,0,0,0,0,0,0,0,0,1,0,1,1,0,1,0,1,1,0,0,1,0,0,1,1,0,0,0,1,0,0,1,1,1,0,0,0,0,0,1,0,0,0,1,1,0,1,0,0,0,0,0,0,0,0,0,1
"S080","s02-09","adaptive_acc",0,0,0,0,0,0,0,0,0,0,0,0,0,0,0,0,0,0,1,1,0,0,0,0,1,0,1,0,1,0,0,1,1,0,0,0,0,0,0,0,0,0,0,0,0,1,0,0,0,0,0,1,0,0,0,0,0,0,0,0,0,0,0
"S078","s02-10","adaptive_full",1,1,0,0,0,0,0,0,0,0,0,0,0,0,0,0,1,0,1,1,1,0,1,0,1,0,0,1,0,1,1,1,0,1,0,0,1,1,1,0,0,0,0,0,0,0,0,1,0,0,1,0,0,0,0,0,1,1,0,0,0,0,0
NA,"s02-11","adaptive_acc",1,0,0,1,0,0,0,0,0,0,0,0,0,0,0,0,0,0,1,1,0,1,1,0,0,1,0,1,1,0,0,0,0,1,0,0,1,0,1,1,0,0,1,0,1,1,0,1,0,0,0,0,1,0,0,1,0,0,0,0,0,0,0
"S085","s02-12","linear_full",1,1,1,0,0,0,0,0,0,0,0,0,0,1,0,0,0,1,1,1,1,0,1,0,1,0,1,1,0,1,0,0,0,0,0,0,1,1,0,0,0,0,1,1,0,0,1,1,1,0,0,0,1,0,1,1,1,1,0,0,0,0,0
"S084","s02-13","adaptive_full",1,1,0,1,0,0,0,0,0,0,0,0,0,1,1,0,1,0,0,1,1,1,1,1,1,1,1,1,0,0,1,0,0,1,0,0,0,0,0,0,0,0,1,0,0,0,1,0,1,1,0,0,1,0,0,0,1,1,1,1,0,0,0
"S076","s02-14","linear_full",0,1,0,1,0,0,1,1,0,1,1,1,0,0,0,0,0,0,1,1,0,1,1,0,1,1,1,1,1,0,1,1,0,1,1,1,1,1,0,1,0,0,1,0,1,1,0,0,1,1,1,0,1,0,0,0,0,1,0,0,0,0,1
"S081","s02-15","adaptive_full",0,0,0,0,0,0,0,0,0,0,0,0,0,1,0,1,0,0,1,1,1,0,1,1,1,0,1,1,0,0,0,1,0,1,0,0,1,1,0,1,0,0,0,0,0,0,0,1,1,0,0,1,1,0,0,0,0,0,0,0,0,1,1
"S077","s02-16","adaptive_acc",0,1,1,1,0,0,1,1,0,0,0,0,0,0,0,0,1,0,1,1,0,1,1,0,1,0,1,1,0,0,0,0,0,0,0,0,1,1,1,0,0,1,0,0,0,0,0,1,0,0,1,1,0,0,0,0,0,1,0,0,0,0,0
"S089","s02-17","adaptive_acc",0,0,0,0,0,0,NA,NA,0,0,0,0,NA,NA,NA,0,NA,NA,0,1,0,0,1,1,1,0,1,0,0,0,NA,NA,NA,NA,NA,NA,0,1,1,0,0,1,0,0,1,0,0,1,1,0,0,1,0,0,0,NA,0,0,0,0,0,1,1
"S090","s02-18","adaptive_full",0,0,0,0,0,0,0,0,0,0,0,0,0,1,0,0,0,0,0,1,0,0,0,0,0,0,1,1,0,1,0,1,0,0,1,0,1,0,0,0,0,0,1,0,0,0,1,1,1,0,0,1,0,0,0,0,0,0,0,0,0,0,0
"S079","s02-19","linear_full",0,0,0,0,0,0,1,1,1,1,1,1,0,0,0,0,0,1,1,1,1,0,0,1,1,1,1,1,0,0,0,0,1,0,1,1,1,1,1,1,0,0,0,0,0,0,1,0,1,0,1,1,0,0,0,0,0,0,1,0,0,0,0
"S113","s03-01","adaptive_full",1,1,1,1,0,0,1,1,1,1,1,1,0,1,0,0,0,0,1,NA,1,0,1,1,1,1,1,1,0,0,1,1,0,1,1,1,0,1,0,0,1,1,1,1,1,1,1,1,1,1,1,1,1,0,1,0,1,1,1,1,0,1,0
"S101","s03-02","adaptive_full",0,0,0,0,0,0,0,0,0,0,0,0,1,0,0,0,0,0,1,1,0,0,1,1,1,0,1,0,0,0,0,0,0,1,0,0,1,0,0,1,0,0,0,1,0,0,0,1,1,0,0,0,1,0,0,0,0,0,0,0,0,0,0
"S099","s03-03","linear_full",0,1,1,1,0,0,0,0,0,0,0,0,1,1,1,1,1,0,1,1,0,0,1,0,0,0,0,1,0,0,0,0,0,0,0,0,1,1,1,1,1,0,1,1,0,0,0,1,0,0,0,0,0,0,0,0,0,0,0,0,0,0,0
"S111","s03-04","linear_full",0,1,1,1,0,0,0,0,0,0,0,0,0,0,1,1,0,1,1,1,1,1,1,1,1,1,1,1,0,0,1,0,0,1,1,1,0,0,0,0,0,0,0,0,0,0,0,0,1,1,0,0,0,0,0,0,0,0,0,0,0,0,0
"S114","s03-05","linear_full",1,1,0,1,0,0,0,0,0,0,0,0,0,0,0,0,0,0,1,1,1,0,1,1,1,1,1,1,1,1,1,1,0,1,1,1,1,1,1,0,1,1,1,1,1,1,0,1,1,0,1,0,0,0,1,0,0,0,0,0,0,0,0
"S102","s03-06","linear_full",1,1,1,1,1,1,0,0,0,1,1,1,0,0,0,1,0,0,1,1,1,1,0,0,1,1,1,1,0,1,0,1,0,0,1,1,1,1,0,1,1,0,1,1,1,1,1,1,0,0,1,0,0,0,0,0,0,0,0,0,0,0,0
"S098","s03-07","adaptive_full",0,0,1,1,0,0,0,0,0,0,0,0,0,1,0,0,1,1,0,1,1,0,0,1,1,0,0,0,0,1,0,1,1,0,0,1,1,0,0,0,0,0,0,0,0,0,0,0,0,0,0,0,0,0,1,0,1,0,1,0,0,0,1
"S100","s03-08","adaptive_acc",0,0,1,0,0,0,0,0,0,0,0,0,0,0,0,0,1,0,1,1,1,0,0,0,0,0,1,1,0,0,0,0,0,0,0,1,0,1,0,1,0,0,0,0,0,1,1,1,0,1,0,0,0,0,0,0,0,0,0,0,0,0,0
"S106","s03-09","adaptive_acc",NA,NA,1,1,NA,NA,0,0,0,0,0,0,1,1,0,1,0,0,NA,NA,0,1,NA,NA,1,1,1,1,1,1,1,1,1,1,1,1,1,1,1,1,0,0,1,1,1,1,0,1,1,0,0,0,1,0,1,0,1,1,0,0,0,0,1
"S103","s03-10","adaptive_acc",NA,NA,NA,NA,NA,NA,1,1,1,1,1,1,1,0,1,1,1,1,NA,NA,NA,NA,NA,NA,1,0,1,1,0,1,0,1,1,0,1,0,1,1,0,1,1,1,0,NA,1,1,1,1,1,0,0,0,1,0,1,1,0,0,0,0,0,0,1
"S110","s03-11","adaptive_full",1,NA,0,1,0,0,1,1,1,1,1,1,0,0,0,1,0,0,1,NA,1,1,1,1,1,1,1,1,0,1,1,1,1,1,1,1,1,1,0,1,1,0,1,0,0,1,1,1,1,0,1,0,1,0,0,0,1,1,1,1,0,1,1
"S107","s03-12","adaptive_full",1,1,0,0,0,0,0,0,0,0,0,0,NA,NA,NA,NA,NA,NA,1,1,0,0,0,1,0,0,1,0,1,1,1,0,0,0,0,0,0,0,0,0,1,0,0,0,0,0,0,0,0,0,0,1,0,0,0,0,0,0,0,0,0,0,0
"S109","s03-13","adaptive_acc",1,1,1,1,0,0,1,1,1,1,1,1,0,1,0,1,1,0,1,1,1,1,0,1,1,0,1,1,0,1,1,0,0,1,0,0,1,1,1,1,1,0,0,0,0,0,1,1,1,1,0,0,0,0,0,0,1,0,1,0,0,1,1
"S112","s03-14","adaptive_acc",NA,NA,NA,NA,NA,NA,NA,NA,1,1,1,1,NA,NA,NA,NA,NA,NA,NA,NA,NA,NA,NA,NA,1,1,1,1,0,0,NA,NA,NA,NA,NA,NA,1,1,1,1,0,1,0,1,0,1,1,1,1,0,1,0,1,0,1,0,0,0,NA,0,0,0,0
"S105","s03-15","linear_full",1,1,0,1,0,0,0,0,0,0,0,0,1,1,0,1,1,1,1,1,1,0,1,1,1,0,1,0,0,0,0,0,0,0,0,0,1,1,0,0,1,1,1,1,0,0,0,0,0,0,0,1,1,0,0,0,0,0,0,0,0,0,0
"S104","s03-16","adaptive_full",0,0,0,0,0,0,0,0,0,0,0,0,0,0,0,0,0,1,0,0,0,0,1,0,1,0,1,0,0,0,1,0,0,0,0,0,0,0,0,0,0,0,0,0,0,0,1,1,1,0,0,1,0,0,0,0,0,0,0,0,0,0,0
"S108","s03-17","linear_full",1,1,1,1,0,1,1,0,1,1,1,1,0,0,0,0,0,0,1,1,1,0,1,1,1,1,1,1,0,0,0,1,0,1,1,0,1,1,1,1,0,0,1,1,1,1,0,1,1,0,0,0,1,0,1,1,0,NA,NA,NA,NA,NA,NA
"S097","s03-18","adaptive_acc",1,1,0,1,0,0,0,0,0,0,0,0,0,1,0,1,0,1,1,0,1,1,1,0,1,1,1,1,1,1,0,0,0,0,0,1,1,1,1,1,1,0,0,0,0,0,1,1,1,0,1,0,1,0,1,0,0,0,1,0,0,0,1
"S129","s04-01","adaptive_full",1,1,1,1,0,0,1,1,1,1,1,1,0,0,0,0,1,1,1,NA,1,1,1,1,1,1,1,1,0,1,1,1,0,0,1,1,1,1,1,1,1,1,1,1,1,1,0,0,1,0,1,1,1,0,1,0,1,1,1,1,1,0,1
"S128","s04-02","adaptive_acc",1,1,1,1,0,0,1,1,1,1,0,1,0,1,0,0,0,0,1,1,0,1,0,0,1,0,1,1,0,0,0,0,0,0,0,1,1,0,1,1,0,0,1,1,1,1,0,0,0,0,1,0,0,0,0,1,0,0,0,0,0,0,1
"S120","s04-03","adaptive_full",1,1,1,1,0,0,1,1,0,0,0,0,0,1,0,0,1,1,1,1,1,1,0,0,1,1,1,1,1,1,0,0,0,0,1,1,1,1,1,1,0,0,1,1,0,1,0,1,1,0,0,1,1,0,1,0,0,0,0,1,0,0,1
"S136","s04-04","linear_full",1,1,1,1,0,1,1,1,1,1,1,1,1,1,0,0,0,1,1,1,1,1,1,1,1,1,1,1,0,0,0,0,0,1,1,1,1,1,1,1,1,0,1,1,1,1,1,1,1,0,1,1,1,0,0,0,0,1,0,0,0,NA,NA
"S122","s04-05","adaptive_acc",1,1,1,1,0,0,1,1,1,1,1,0,0,0,0,0,0,0,1,1,1,1,1,0,1,1,1,1,0,0,1,1,0,0,1,1,1,1,0,1,0,0,1,1,0,1,0,1,1,1,0,1,0,0,0,0,0,1,0,0,1,0,0
"S124","s04-06","linear_full",1,1,1,1,1,1,0,0,0,1,0,0,0,1,0,1,0,0,1,1,0,1,1,1,1,0,1,1,0,0,0,0,0,0,1,1,0,0,1,1,1,1,1,1,0,0,0,1,1,0,1,1,1,1,0,0,0,0,1,1,0,0,0
"S127","s04-07","linear_full",1,1,1,1,0,0,0,0,0,0,0,0,0,0,0,0,0,0,1,1,1,0,1,1,0,1,1,1,1,1,1,1,1,1,1,1,0,1,1,0,1,0,1,1,1,1,1,1,1,1,1,1,0,0,0,0,0,0,0,0,0,0,1
"S126","s04-08","adaptive_full",0,0,0,0,0,0,0,0,0,0,0,0,0,0,0,0,0,0,1,1,0,0,1,0,0,0,0,1,0,0,0,0,0,0,0,0,0,0,1,0,1,0,0,0,0,0,1,1,0,0,0,0,0,0,0,0,0,0,0,0,0,0,0
"S134","s04-09","adaptive_acc",1,1,0,0,0,0,0,0,0,0,0,0,1,1,0,0,1,1,1,1,1,0,1,1,1,1,1,1,0,0,0,0,0,0,0,0,1,1,0,0,0,0,1,1,0,0,0,1,1,0,1,0,1,0,1,0,1,1,1,0,1,0,1
"S125","s04-10","adaptive_acc",0,1,0,1,0,0,0,0,0,0,0,0,1,1,0,1,1,1,0,1,0,0,1,0,0,0,1,1,0,0,0,0,0,0,0,0,0,0,0,0,1,1,1,1,0,0,0,1,0,0,1,0,0,0,0,0,0,0,0,0,0,0,1
"S132","s04-11","adaptive_full",1,1,0,0,0,0,0,0,0,0,0,0,1,0,0,0,0,0,1,1,0,1,1,0,1,1,0,0,1,0,0,1,0,1,0,0,0,0,1,1,0,0,0,1,1,1,0,1,1,0,1,1,1,0,0,0,0,1,1,0,0,0,0
"S121","s04-12","linear_full",1,1,1,1,0,0,0,1,1,1,1,0,0,1,0,0,1,1,1,1,1,1,1,1,1,1,1,1,1,1,0,1,0,1,1,1,0,1,1,1,1,1,1,1,0,1,0,1,1,0,1,1,0,0,0,0,0,0,0,0,0,0,1
"S123","s04-13","adaptive_full",1,1,1,1,0,0,1,1,1,1,1,0,0,1,0,0,1,0,1,NA,0,1,0,0,1,0,1,1,1,1,0,1,1,1,1,0,1,1,1,1,1,0,1,1,1,1,0,1,1,1,1,1,1,0,0,0,1,1,1,1,0,1,0
"S130","s04-14","linear_full",0,0,1,1,0,0,0,1,0,0,1,1,0,0,0,0,0,0,1,1,1,1,0,0,1,1,1,1,1,1,1,0,0,0,0,1,1,1,1,0,0,0,1,1,1,1,0,1,1,0,0,1,0,0,1,0,0,1,0,1,0,0,0
"S135","s04-15","adaptive_full",1,1,1,1,0,0,1,0,1,0,1,1,0,0,0,0,0,0,1,1,1,0,1,1,1,1,1,1,0,1,1,1,1,1,1,1,1,1,1,1,1,0,0,0,0,1,0,0,1,1,0,1,1,1,0,0,1,1,1,0,0,0,1
"S131","s04-16","adaptive_acc",1,1,1,0,0,1,1,1,0,1,1,1,0,0,0,0,0,0,1,1,1,0,1,0,1,1,1,1,0,1,1,1,0,1,1,0,1,1,1,1,1,0,1,0,0,0,0,1,1,1,0,0,1,0,1,0,0,1,1,1,0,0,1
"S119","s04-17","adaptive_acc",1,1,1,1,0,0,0,0,0,1,0,0,0,0,0,0,0,1,1,1,1,0,1,1,0,0,0,0,1,0,0,0,1,1,0,0,1,1,1,1,0,0,0,0,0,0,0,1,0,0,1,1,1,1,1,0,0,1,1,1,0,0,1
"S133","s04-18","linear_full",1,1,1,1,0,0,0,0,0,1,1,1,0,1,1,1,1,1,1,1,1,1,0,1,1,1,1,1,1,1,1,0,0,1,1,0,0,1,0,0,0,0,0,1,1,1,1,1,1,1,0,0,0,0,0,0,1,1,0,0,0,0,1
"S154","s05-01","linear_full",1,1,1,1,0,1,1,0,1,1,1,1,1,0,1,1,1,1,1,1,1,0,1,1,1,1,1,1,1,1,1,1,0,0,1,1,1,1,1,1,0,0,1,1,1,1,1,1,1,1,1,1,0,0,0,1,1,1,1,1,1,0,1
"S156","s05-02","adaptive_full",1,1,1,1,1,NA,1,1,0,1,1,1,1,0,0,0,0,0,1,1,1,1,0,1,1,1,0,0,1,0,1,1,1,1,1,1,1,1,0,0,0,0,1,1,0,1,0,1,1,1,0,0,1,0,1,0,1,1,1,1,0,0,1
"S143","s05-03","adaptive_acc",1,1,1,1,0,0,1,1,0,1,1,1,NA,NA,0,0,0,0,1,1,1,1,1,1,1,1,1,1,0,0,0,0,0,0,0,0,1,1,1,1,1,1,1,1,0,0,0,0,1,0,0,0,1,0,1,0,1,1,1,0,0,0,1
"S152","s05-04","adaptive_acc",1,1,1,1,NA,NA,1,1,0,1,1,0,NA,NA,NA,NA,NA,NA,NA,NA,1,1,1,NA,1,1,1,1,0,1,0,0,0,0,0,0,1,1,1,1,1,0,1,1,0,1,0,1,1,1,0,1,0,0,0,0,0,1,1,0,0,0,1
"S146","s05-05","adaptive_acc",1,1,0,0,0,0,1,1,0,0,1,1,NA,NA,NA,NA,NA,NA,NA,NA,NA,NA,NA,NA,1,1,1,1,1,1,NA,NA,NA,NA,NA,NA,0,0,1,1,0,1,0,0,0,0,1,1,0,0,1,1,1,0,0,0,NA,NA,0,0,0,0,0
"S142","s05-06","linear_full",1,1,0,1,0,0,1,0,0,1,1,0,0,0,0,0,0,1,1,1,0,1,0,1,1,1,0,1,0,0,0,0,0,1,1,1,0,1,0,0,1,1,1,0,0,1,0,1,1,0,0,0,1,0,0,0,0,0,0,0,0,0,0
"S141","s05-07","adaptive_full",1,1,0,1,0,0,1,1,0,0,1,1,0,1,0,0,0,0,1,NA,1,1,0,1,1,0,1,1,1,0,1,1,1,1,1,1,1,1,1,1,1,1,1,1,0,1,0,1,1,1,0,0,1,0,1,0,1,1,1,1,0,0,1
"S145","s05-08","linear_full",1,1,0,1,0,0,0,0,0,0,1,0,1,0,0,0,0,0,0,1,1,1,0,1,0,0,0,0,0,0,1,1,0,1,0,0,1,0,1,1,1,0,1,0,0,0,0,0,1,1,0,0,0,0,0,0,0,0,0,0,0,0,0
"S148","s05-09","linear_full",1,1,1,1,0,1,1,1,0,1,1,0,1,1,1,1,0,1,1,1,1,0,1,1,0,1,1,1,1,0,0,0,0,0,1,0,0,1,1,1,1,1,1,1,1,1,1,1,1,1,0,1,0,0,1,1,0,0,0,0,0,0,0
"S144","s05-10","adaptive_full",NA,NA,1,1,NA,NA,1,0,1,1,1,1,NA,NA,NA,NA,1,NA,NA,NA,NA,NA,NA,NA,1,1,1,1,1,1,1,1,1,1,1,1,1,1,1,1,0,1,1,1,1,1,1,1,1,1,1,0,1,0,1,1,1,1,0,0,0,1,1
"S140","s05-11","adaptive_acc",NA,NA,0,1,1,NA,NA,NA,0,NA,NA,NA,NA,NA,NA,NA,NA,NA,0,NA,NA,NA,NA,NA,1,0,1,1,1,1,NA,NA,NA,NA,NA,NA,0,0,1,1,0,0,NA,NA,0,0,0,1,1,1,0,1,1,0,NA,NA,0,NA,NA,0,0,0,1
"S151","s05-12","linear_full",1,1,1,1,0,0,1,1,0,1,1,0,0,0,1,1,0,0,1,0,0,0,1,0,1,1,1,1,0,1,0,1,0,0,0,0,1,1,1,1,0,1,1,1,0,0,0,1,1,0,0,1,0,0,0,1,0,0,0,0,0,0,0
"S147","s05-13","adaptive_full",0,0,0,1,0,0,1,1,0,1,1,1,0,0,0,0,0,0,1,NA,1,0,1,1,1,0,1,1,1,1,1,1,0,1,1,1,1,1,1,1,0,1,1,1,0,1,1,1,1,0,1,0,1,0,1,1,0,1,1,0,0,0,1
"S149","s05-14","adaptive_acc",1,1,1,1,0,0,1,1,1,1,0,1,0,0,0,1,1,1,1,NA,1,1,1,1,1,1,1,1,0,1,1,1,1,1,1,1,1,1,1,1,0,0,1,0,1,1,0,1,1,0,1,1,1,0,1,0,0,0,0,0,0,0,1
"S155","s05-15","adaptive_acc",1,1,1,1,0,0,1,1,0,0,0,0,NA,NA,0,1,NA,NA,1,1,1,1,0,1,0,1,1,1,0,0,1,0,0,0,0,1,1,1,1,1,0,0,0,0,0,0,1,1,1,0,0,1,1,0,0,0,0,0,0,1,0,0,1
"S150","s05-16","adaptive_full",1,1,1,1,0,0,1,1,0,0,1,0,0,0,0,0,0,0,1,1,1,0,0,1,1,1,1,1,0,0,1,1,0,1,1,0,1,1,0,1,0,0,1,1,0,0,1,1,1,0,1,1,1,0,0,0,0,0,1,0,0,0,1
"S153","s05-17","adaptive_full",0,0,1,1,0,0,1,1,0,0,0,0,1,1,1,0,0,0,0,1,0,0,0,1,1,0,1,0,0,0,1,1,0,1,0,1,0,0,0,0,1,0,1,1,0,1,1,1,0,0,0,0,0,0,0,1,0,0,0,0,0,0,0
"S160","s06-01","adaptive_acc",1,1,0,1,0,0,1,1,0,1,1,1,0,NA,0,0,0,0,1,1,0,1,1,0,1,1,1,1,1,1,1,1,1,1,1,0,0,0,0,0,0,1,1,0,1,1,1,0,1,0,1,0,0,0,0,1,1,1,0,0,0,0,0
"S159","s06-02","linear_full",0,0,1,1,0,0,0,0,0,0,0,0,1,1,1,0,0,1,1,1,0,0,1,0,1,1,1,0,0,0,0,1,0,0,1,0,1,0,0,0,1,1,1,1,0,1,1,1,0,0,0,1,1,0,1,0,0,0,0,0,0,0,0
"S165","s06-03","linear_full",0,0,0,0,0,0,0,0,0,0,0,0,0,0,0,0,0,0,1,1,1,0,0,0,0,0,0,1,0,0,0,1,1,1,1,0,0,1,0,1,1,0,1,1,0,1,0,0,1,0,0,0,0,0,1,1,0,0,0,0,0,0,0
"S166","s06-04","adaptive_acc",0,0,0,0,0,0,0,0,0,0,0,0,0,0,0,0,0,0,1,1,1,1,0,0,0,1,0,1,0,0,0,0,1,0,0,0,1,0,0,0,0,0,1,1,0,0,1,1,1,0,0,0,1,0,0,0,0,0,0,0,0,0,0
"S169","s06-05","adaptive_acc",0,1,0,1,0,1,0,0,0,0,0,0,0,0,1,0,0,0,1,1,1,0,0,0,0,0,0,1,0,0,1,0,0,0,0,1,0,1,0,1,0,0,1,0,0,1,1,1,1,0,1,0,0,0,0,0,0,0,1,0,0,0,0
"S164","s06-06","adaptive_full",1,0,0,0,0,0,0,0,0,0,0,0,0,0,0,1,0,1,1,0,1,1,0,0,1,0,1,1,0,0,0,1,0,0,1,0,1,1,0,1,1,0,1,0,1,0,0,1,1,0,0,0,1,0,0,1,0,0,0,0,0,0,1
"S157","s06-07","adaptive_acc",1,1,1,0,0,0,0,0,0,0,0,0,0,0,0,0,1,1,1,1,1,0,1,1,1,0,1,0,0,0,0,0,0,0,0,1,0,0,1,0,1,0,0,0,0,0,0,1,1,0,1,0,0,0,0,1,0,0,0,0,0,0,0
"S163","s06-08","adaptive_acc",0,0,0,0,0,0,0,0,0,0,0,0,0,0,0,0,1,0,1,0,1,1,0,0,0,0,0,0,0,0,1,0,1,0,0,0,1,1,1,1,1,1,1,1,0,0,0,1,1,1,0,0,0,0,0,0,0,0,0,0,0,0,1
"S170","s06-09","adaptive_full",0,1,0,0,0,0,0,0,0,0,0,0,1,1,0,0,1,0,1,1,1,1,1,0,0,0,1,1,0,0,0,0,0,0,0,0,0,0,1,1,0,1,1,0,0,1,1,1,1,1,0,0,0,0,0,0,0,0,0,0,0,1,0
"S167","s06-10","adaptive_full",0,1,0,1,0,0,0,0,0,0,0,0,0,0,0,0,0,0,1,1,0,0,0,0,1,0,1,1,0,0,0,0,1,1,0,0,1,1,0,1,0,0,0,0,0,1,0,1,0,0,0,1,0,0,1,0,1,1,0,0,0,0,0
"S161","s06-11","adaptive_full",1,1,1,1,0,0,1,1,0,0,0,1,0,1,0,0,1,0,1,1,0,1,1,0,1,1,1,1,0,0,1,0,1,0,0,1,1,0,0,1,1,0,1,0,0,0,1,1,0,0,0,0,0,0,1,0,0,0,0,0,0,0,0
"S168","s06-12","linear_full",0,0,0,0,0,0,0,0,0,0,0,0,0,0,0,1,0,0,0,1,0,0,0,0,0,0,1,1,0,0,0,0,0,0,0,0,0,0,1,1,1,0,0,0,0,0,0,0,0,1,0,0,0,0,0,1,0,0,0,0,1,0,0
"S158","s06-13","adaptive_full",1,1,1,1,0,NA,0,0,0,0,0,0,1,1,0,0,1,1,1,1,1,0,0,0,1,1,1,1,0,0,1,1,1,0,1,1,1,1,1,1,0,1,1,1,0,1,1,1,1,0,0,1,0,1,1,0,0,0,1,0,0,1,1
"S171","s06-14","linear_full",0,1,1,1,0,0,0,0,0,0,0,0,0,1,0,0,1,0,0,1,1,1,0,0,1,1,0,1,0,0,1,0,0,0,0,1,1,1,1,1,0,1,0,0,0,0,0,0,1,0,0,0,1,0,0,0,0,0,0,0,0,0,0
"S162","s06-15","linear_full",0,0,0,0,0,0,0,0,0,0,0,0,0,0,0,0,1,1,0,0,0,0,0,0,0,0,0,0,0,1,0,0,0,0,1,0,0,1,0,0,1,0,0,0,0,0,0,0,0,0,1,0,0,0,1,0,0,0,0,0,0,0,0
"S179","s07-01","linear_full",0,1,1,0,0,0,1,1,0,0,0,0,0,1,0,0,0,0,1,1,1,0,1,0,0,1,1,1,0,1,0,0,0,0,0,0,1,1,1,1,1,0,1,1,0,0,0,1,1,0,0,0,0,0,0,0,0,1,0,0,0,0,NA
"S182","s07-02","linear_full",0,1,1,1,0,0,0,0,0,0,0,0,0,0,0,0,1,1,0,1,0,1,1,1,1,0,1,1,0,0,0,1,0,1,1,1,1,1,0,0,0,0,0,1,1,1,1,1,1,1,0,0,1,0,1,0,0,0,1,1,0,0,0
"S183","s07-03","adaptive_acc",0,0,0,0,0,0,0,0,0,0,0,0,0,1,1,1,0,1,0,1,0,0,0,0,0,1,1,1,0,1,1,1,0,0,0,1,0,0,0,0,1,1,1,0,0,0,0,1,0,1,1,0,0,0,1,1,0,0,0,0,0,0,0
"S187","s07-04","adaptive_full",0,0,0,0,0,0,0,0,0,0,0,0,0,0,0,0,0,0,1,1,0,0,0,0,0,1,1,1,0,0,0,0,0,1,0,0,0,1,0,1,0,0,0,0,0,0,0,0,1,1,1,1,0,0,0,1,0,0,0,0,0,0,0
"S184","s07-05","adaptive_full",0,0,0,0,0,0,0,0,0,0,0,0,0,0,0,1,0,0,0,1,0,0,0,1,0,0,0,0,0,0,0,1,0,0,0,0,1,0,0,1,0,1,0,0,0,0,0,0,0,0,1,1,1,0,0,0,0,0,0,0,0,0,0
"S178","s07-06","adaptive_full",0,1,0,0,0,0,0,0,0,0,0,0,1,0,0,0,0,1,1,1,0,0,0,0,1,1,1,0,0,0,0,1,0,0,0,0,1,1,0,1,1,1,1,0,0,1,0,0,1,0,0,0,1,0,0,0,1,0,1,0,0,0,1
"S186","s07-07","adaptive_acc",1,1,0,0,0,0,0,0,0,0,0,0,0,1,0,0,0,0,0,1,0,0,0,0,1,0,1,1,0,0,1,1,0,0,0,0,0,0,1,1,1,1,1,0,1,1,0,1,0,0,0,0,0,0,0,0,0,0,0,0,1,0,0
"S181","s07-08","adaptive_full",0,0,0,0,0,0,0,0,0,0,0,0,1,0,0,0,0,0,0,0,0,0,1,0,0,0,1,0,0,0,0,1,0,1,1,0,0,0,0,0,0,0,0,0,0,0,0,1,1,0,0,0,0,0,0,0,0,0,0,0,0,0,0
"S177","s07-09","adaptive_acc",0,0,0,1,0,0,0,0,0,0,0,0,0,0,0,0,0,0,0,1,0,0,0,0,0,1,0,0,0,1,1,0,0,0,0,0,0,1,0,0,0,0,0,0,0,0,0,1,0,0,1,0,0,0,1,0,0,0,0,0,0,0,0
"S188","s07-10","linear_full",0,0,1,0,0,1,0,0,0,0,0,0,0,0,1,1,0,0,1,0,1,0,0,0,0,0,0,0,0,0,0,0,0,0,0,0,0,0,1,1,0,0,0,0,0,0,0,1,0,1,1,0,0,0,0,0,0,0,0,0,0,0,0
"S180","s07-11","adaptive_acc",0,1,0,0,0,0,0,0,0,0,0,0,0,0,0,0,1,1,1,1,0,0,1,0,1,0,1,0,0,0,1,1,1,0,0,1,0,0,1,1,0,0,1,1,1,1,1,0,0,0,1,0,1,0,0,0,0,0,0,0,0,0,1
"S189","s07-12","adaptive_acc",0,0,0,0,0,0,0,0,0,0,0,0,NA,NA,0,0,0,1,0,0,0,0,0,0,0,0,1,1,0,0,1,1,0,1,0,0,0,1,0,0,0,0,0,0,0,1,0,1,1,0,1,1,1,0,0,0,0,0,0,0,0,0,1
"S201","s08-01","adaptive_full",1,1,0,1,1,1,0,0,0,0,0,0,0,1,0,0,0,0,1,1,1,0,0,1,0,0,1,0,0,0,0,0,0,0,0,0,0,1,1,0,1,0,1,0,0,1,0,0,1,0,0,0,1,0,0,0,0,0,0,0,0,0,0
"S198","s08-02","adaptive_full",0,0,0,0,0,0,0,0,0,0,0,0,0,0,0,0,1,1,0,1,0,0,0,0,1,0,0,1,0,0,0,1,0,0,0,0,0,0,0,1,0,0,0,0,0,0,1,1,0,0,0,1,1,0,1,0,0,0,0,0,0,0,0
"S197","s08-03","adaptive_acc",0,0,0,0,0,0,0,0,0,0,0,0,0,0,0,0,0,0,1,1,0,0,1,1,0,0,0,0,1,0,0,0,0,0,0,0,0,0,1,0,0,0,0,0,0,0,0,1,0,1,0,1,0,0,0,0,0,0,1,0,0,0,1
"S194","s08-04","adaptive_acc",0,0,0,0,0,0,0,0,0,0,0,0,0,0,0,0,0,1,0,0,0,0,0,0,0,0,0,0,1,0,0,0,0,0,0,0,0,0,0,0,1,0,0,0,0,0,0,0,0,0,0,0,0,0,1,0,0,0,0,0,0,0,0
"S195","s08-05","adaptive_full",1,0,0,0,0,0,0,0,0,0,0,0,0,1,0,0,0,1,0,0,0,0,0,0,1,0,0,0,0,0,0,0,0,0,0,0,1,0,1,1,0,0,1,0,0,0,0,0,0,0,1,0,0,0,1,0,0,0,0,0,0,0,0
"S202","s08-06","linear_full",0,1,1,1,1,1,0,0,0,0,0,0,0,0,0,0,0,1,1,1,1,0,1,1,1,1,1,1,1,1,0,1,0,1,1,1,0,1,1,1,0,0,0,0,0,0,1,0,0,0,0,0,0,0,0,0,0,0,0,0,0,0,0
"S199","s08-07","linear_full",0,0,0,1,0,0,0,0,0,0,0,0,0,1,0,0,0,0,1,1,0,0,1,1,1,1,1,1,0,0,0,0,0,1,0,0,0,1,0,0,0,0,1,0,1,1,0,0,1,1,0,0,0,0,0,0,0,0,0,0,0,0,0
"S204","s08-08","adaptive_full",1,1,0,1,0,0,1,1,0,0,1,0,0,1,1,0,1,0,0,0,1,0,1,0,1,0,1,1,0,1,1,0,0,1,1,0,0,1,1,0,1,0,1,0,0,0,0,1,0,0,0,0,0,0,0,0,1,1,0,0,0,0,1
"S203","s08-09","adaptive_acc",0,0,0,0,0,0,0,0,0,0,0,0,1,1,0,0,1,1,0,1,1,0,0,0,0,0,1,0,0,0,0,0,0,0,0,0,1,0,1,1,0,0,0,0,0,0,0,0,0,0,0,0,1,0,1,1,0,0,0,0,0,0,0
"S200","s08-10","adaptive_acc",1,1,0,0,0,0,0,0,0,0,0,0,0,1,0,1,1,0,1,1,0,0,1,1,1,1,1,1,0,0,0,1,1,1,0,1,1,1,1,1,0,0,1,0,0,0,1,1,0,0,1,0,0,1,1,0,0,0,0,0,0,0,0
"S196","s08-11","linear_full",0,0,0,0,0,0,0,0,0,0,0,0,0,0,0,0,0,1,0,1,1,0,1,1,1,1,1,1,0,1,0,1,0,0,1,0,1,1,1,0,1,0,0,0,0,0,1,1,1,0,1,1,0,0,1,0,0,0,0,0,0,0,1
"S208","s09-01","adaptive_acc",NA,NA,NA,NA,NA,NA,NA,NA,1,1,1,NA,NA,NA,NA,NA,NA,NA,NA,NA,NA,NA,NA,NA,1,NA,1,1,1,0,NA,NA,NA,NA,NA,NA,1,1,0,0,1,1,NA,NA,NA,NA,1,NA,1,0,0,1,0,1,0,0,0,NA,NA,0,0,0,1
"S209","s09-02","adaptive_full",0,0,0,0,0,0,1,1,0,1,0,1,0,0,0,0,0,0,1,1,0,0,0,0,1,0,1,1,0,1,1,0,1,0,0,0,1,0,1,0,1,0,1,0,0,1,0,1,1,0,1,0,1,1,0,0,0,0,0,0,0,1,1
"S216","s09-03","linear_full",1,1,1,1,0,0,1,1,1,1,1,0,0,1,0,0,1,1,1,1,1,1,1,1,1,1,1,1,1,1,0,0,1,1,1,1,1,1,1,1,1,0,1,1,0,1,0,0,1,0,1,1,1,0,0,0,1,1,1,0,1,0,1
"S214","s09-04","adaptive_acc",1,1,0,0,0,0,0,1,0,0,0,0,0,0,0,0,0,1,1,1,0,0,1,1,1,0,1,1,0,1,0,0,0,0,0,0,1,1,1,0,0,0,0,0,0,0,0,0,1,1,0,0,0,0,0,1,0,0,0,0,0,1,1
"S218","s09-05","adaptive_full",1,1,1,1,0,0,1,1,1,1,1,1,0,1,0,0,0,0,1,1,0,0,0,0,1,0,1,1,0,1,1,1,1,1,1,1,1,1,1,1,0,0,0,0,1,1,0,1,0,0,0,0,0,0,0,0,1,1,0,0,0,0,1
"S217","s09-06","adaptive_acc",1,1,0,1,0,0,0,0,0,0,0,0,0,0,0,1,1,1,1,1,0,0,0,1,1,1,1,1,0,0,0,0,1,0,0,0,1,1,0,1,1,0,0,0,0,0,0,0,1,0,1,1,0,0,0,0,1,0,0,0,0,0,0
"S223","s09-07","adaptive_acc",0,0,0,0,0,0,0,0,0,0,0,0,0,1,0,0,0,0,0,1,1,0,0,1,0,0,0,0,1,0,0,0,0,0,0,0,1,1,1,1,0,0,0,0,0,0,1,1,1,1,0,0,0,0,0,0,0,0,0,1,0,0,0
"S212","s09-08","adaptive_full",0,0,1,0,0,0,0,0,0,0,0,0,1,1,0,0,0,0,1,1,0,1,0,0,1,1,0,0,0,0,1,1,0,0,1,0,1,0,0,1,0,0,1,0,0,0,0,1,0,1,0,0,1,0,0,0,0,0,1,1,0,0,1
"S210","s09-09","linear_full",0,0,0,0,0,0,0,0,0,0,0,0,1,0,0,0,0,0,1,1,1,0,1,0,0,1,1,1,0,1,0,1,1,0,1,1,1,1,0,0,0,1,1,0,0,0,1,1,0,0,0,1,1,0,1,0,0,0,0,1,0,0,0
"S220","s09-10","adaptive_acc",1,1,1,1,0,0,1,1,0,1,1,0,0,0,0,0,0,0,1,1,0,0,0,1,1,0,0,0,0,0,0,0,0,1,1,1,1,1,1,1,1,1,1,1,1,0,0,0,1,0,0,1,0,0,1,0,1,1,1,0,0,0,0
"S222","s09-11","linear_full",1,1,0,0,0,0,0,0,0,0,0,0,0,0,0,0,0,0,0,1,1,1,1,1,0,0,1,0,0,1,0,1,1,1,0,0,0,0,0,0,0,0,0,0,0,NA,0,1,0,0,0,0,0,0,0,1,0,0,0,0,NA,0,0
"S211","s09-12","adaptive_acc",0,1,0,0,0,0,0,0,0,0,0,0,1,1,0,0,0,0,1,1,0,1,1,0,1,0,0,1,0,0,0,0,0,1,0,0,1,0,0,0,0,0,1,1,0,0,1,1,0,0,1,0,0,0,1,0,0,0,0,0,0,0,0
"S221","s09-13","adaptive_full",1,1,0,0,0,0,0,1,0,0,1,0,1,1,0,0,0,0,1,1,1,0,1,0,0,0,1,0,1,1,0,0,0,0,0,1,1,0,1,1,1,0,1,1,0,1,0,0,1,0,0,0,1,0,1,0,0,0,0,0,0,1,1
"S215","s09-14","adaptive_full",0,1,1,1,1,1,1,1,1,1,0,1,0,0,0,0,1,0,1,1,1,1,0,1,1,0,1,1,0,1,1,1,0,1,0,0,1,1,1,1,0,1,0,0,1,1,1,1,1,0,1,0,0,0,0,0,1,1,0,1,0,0,1
"S219","s09-15","linear_full",0,1,1,0,0,0,0,0,0,0,0,0,0,0,0,0,0,0,1,1,1,0,1,1,1,1,1,1,0,0,1,1,0,0,1,1,1,1,1,1,1,0,0,0,0,0,0,1,1,0,1,1,0,0,1,0,0,0,0,0,0,0,0
"S213","s09-16","linear_full",0,0,1,0,1,0,0,0,0,0,0,0,0,0,1,1,1,0,1,1,0,0,1,1,0,0,0,0,0,0,0,0,0,0,0,1,0,1,1,1,0,0,0,0,0,0,1,0,0,0,0,0,1,0,0,0,0,0,0,0,0,0,1
