"","tExtendGeometric1a","tExtendGeometric1c","tExtendGeometric2a","tExtendGeometric2c","tExtendGeometric3a","tExtendGeometric3b","tModelExtendTableGeometric1a","tModelExtendTableGeometric1b","tModelExtendTableGeometric2a","tModelExtendTableGeometric2b","tModelExtendTableGeometric3a","tModelExtendTableGeometric3b","tTableExtendGeometric1a","tTableExtendGeometric1b","tTableExtendGeometric2a","tTableExtendGeometric2b","tTableExtendGeometric3a","tTableExtendGeometric3b","tVerbalRuleExtendModelGeometric1a","tVerbalRuleExtendModelGeometric1b","tVerbalRuleExtendModelGeometric2a","tVisualExtendGeometric1a","tVisualExtendGeometric1b","tVisualExtendGeometric1c","tVisualExtendGeometric2a","tVisualExtendGeometric3a","tVisualExtendTableModelVerbalRuleGeometric2a","tVisualExtendVerbalRuleModelGeometric2a"
"1",NA,NA,NA,NA,NA,NA,1,1,1,1,0,0,NA,NA,1,1,0,1,1,1,1,0,0,NA,0,0,0,0
"2",0,0,0,0,0,0,0,1,1,1,0,0,0,0,0,0,0,1,1,0,1,0,0,0,0,0,1,1
"3",1,1,0,1,1,1,1,1,1,1,1,0,1,1,1,1,1,1,0,0,1,0,0,0,0,0,1,1
"4",0,1,0,0,0,0,0,0,0,0,0,0,0,0,0,1,0,0,1,0,1,0,0,0,0,0,0,0
"5",1,1,1,0,1,0,0,0,1,0,1,1,0,0,1,0,1,1,0,1,1,0,0,0,0,0,0,0
"6",0,1,1,1,1,1,1,1,1,1,0,1,1,0,0,1,0,1,0,1,0,NA,NA,NA,NA,NA,NA,NA
"7",1,1,0,1,0,1,1,1,1,1,1,0,0,0,0,0,0,1,0,1,1,1,1,1,1,0,0,1
"8",0,0,0,0,1,0,1,1,0,1,0,1,0,0,0,0,0,0,1,1,1,0,0,0,0,0,0,1
"9",1,1,1,1,1,1,0,0,1,1,0,1,1,1,1,1,0,1,1,0,0,0,0,0,0,0,0,0
"10",1,0,1,0,0,0,1,1,0,1,0,0,0,0,0,0,0,1,1,1,0,0,0,1,0,1,0,1
"11",1,1,1,0,0,1,1,0,1,0,1,0,0,0,0,0,0,0,0,0,0,0,0,0,0,0,0,0
"12",1,1,0,0,1,1,1,0,0,0,1,0,1,0,0,0,0,0,1,1,0,0,0,0,0,0,0,0
"13",1,1,0,0,1,1,1,1,1,1,0,0,0,0,0,1,1,1,1,0,1,1,1,1,0,0,1,1
"14",1,1,0,1,1,1,1,1,0,0,1,0,0,1,1,1,1,1,0,0,1,0,0,0,1,0,0,0
"15",1,1,0,1,1,0,0,1,0,1,1,0,1,0,1,1,0,1,0,0,1,0,0,0,0,0,0,0
"16",1,1,0,0,0,0,1,1,0,0,0,0,0,0,0,0,0,0,0,0,0,0,0,0,0,0,0,0
"17",0,0,0,1,0,0,0,0,1,1,0,0,1,1,0,0,1,1,0,0,0,0,1,0,0,0,0,0
"18",1,1,0,0,1,1,1,0,1,1,0,0,1,1,1,1,0,1,1,0,1,0,0,0,0,0,0,1
"19",1,0,1,1,1,0,1,0,1,1,1,1,0,0,1,0,0,1,1,0,0,1,1,0,0,0,0,1
"20",1,1,0,1,1,0,1,1,1,1,1,0,1,0,1,1,0,0,1,0,1,0,1,0,0,0,0,1
"21",1,1,0,1,1,0,1,0,1,1,0,0,0,0,0,0,0,1,1,1,0,0,1,0,0,0,0,0
"22",1,1,1,0,1,0,1,0,0,1,0,1,0,0,0,0,0,1,1,0,0,1,1,0,0,0,0,0
"23",1,1,1,0,0,1,1,1,1,1,0,0,0,0,0,0,1,0,1,1,0,0,0,1,0,0,0,0
"24",1,1,0,0,0,0,1,0,1,0,1,0,0,0,0,1,0,0,0,1,0,0,0,0,0,0,0,0
"25",1,1,1,0,1,1,1,0,1,1,0,0,0,0,0,0,0,1,0,1,1,0,0,0,0,0,1,1
"26",1,1,0,0,0,0,1,1,0,0,0,1,1,1,0,0,0,1,0,0,1,0,0,0,0,0,0,0
"27",0,1,0,0,0,0,0,1,1,0,1,0,0,0,0,0,0,0,0,0,0,0,0,0,0,0,0,0
"28",0,1,1,1,1,1,1,1,1,1,0,0,1,0,0,0,1,0,0,0,1,1,1,1,1,0,0,0
"29",1,1,1,0,1,0,1,0,1,1,0,1,1,1,0,0,1,1,0,0,1,1,1,0,0,0,0,0
"30",1,1,1,1,1,1,1,1,1,1,0,0,1,0,0,1,0,1,1,1,1,0,0,0,0,0,0,0
"31",1,0,1,0,1,1,0,0,1,0,0,1,0,0,0,1,0,0,1,0,1,0,0,0,0,0,0,1
"32",1,1,0,1,0,0,1,0,0,1,0,1,1,1,1,0,0,1,1,1,0,0,0,0,0,0,0,0
"33",0,1,0,0,1,1,1,0,1,0,0,0,0,0,1,0,0,1,0,1,0,0,0,0,0,0,1,1
"34",0,1,0,0,0,0,0,0,1,1,0,1,1,0,0,0,1,1,0,1,0,0,0,0,0,0,0,0
"35",1,1,0,1,0,0,1,0,1,1,0,0,1,1,0,1,0,1,0,1,1,0,0,0,0,0,0,1
"36",1,0,1,1,1,0,1,1,1,1,1,1,0,0,0,0,1,1,1,0,1,0,0,1,0,0,0,1
"37",0,1,1,0,0,1,1,0,0,0,0,1,0,0,0,0,0,0,0,0,0,1,0,1,0,0,0,1
"38",1,1,0,0,1,0,0,0,0,1,0,0,1,1,0,0,0,1,0,0,0,0,0,0,0,0,0,0
"39",1,1,1,0,0,0,0,0,1,1,0,0,0,0,0,1,1,1,0,0,0,0,0,0,0,0,0,0
"40",1,1,0,0,1,1,1,0,1,0,0,0,0,1,0,0,0,1,0,0,1,0,0,0,0,0,0,0
"41",1,1,1,1,0,0,1,1,1,1,0,1,1,1,1,1,1,1,1,0,0,0,0,0,0,0,0,0
"42",NA,NA,NA,NA,NA,NA,1,0,1,1,0,1,0,NA,1,1,1,1,0,0,1,0,0,0,0,0,0,1
"43",0,0,0,0,1,0,1,0,1,0,0,0,0,0,0,0,1,1,0,1,0,0,0,0,0,0,0,0
"44",1,1,1,0,1,1,1,0,1,0,0,0,1,1,0,0,0,0,0,1,1,0,0,0,0,0,0,0
"45",NA,NA,0,1,NA,NA,1,1,1,1,1,1,1,1,1,1,0,1,0,0,1,1,1,0,0,0,0,1
"46",1,1,0,0,0,1,0,0,1,0,1,1,0,0,0,0,0,0,0,1,0,0,0,0,0,0,0,0
"47",1,1,1,0,1,1,1,1,1,1,0,0,1,1,1,1,0,1,0,0,1,0,NA,NA,NA,NA,NA,NA
"48",1,1,1,1,0,1,1,0,1,1,0,1,0,0,0,0,1,1,0,0,0,1,0,1,0,0,1,1
"49",1,NA,1,1,1,1,1,1,1,1,0,1,1,0,0,1,1,1,1,0,1,1,1,1,1,0,1,1
"50",1,1,1,1,1,1,1,1,1,1,0,0,0,0,0,0,0,0,0,0,0,0,0,0,0,0,0,0
"51",NA,NA,NA,NA,NA,NA,1,1,1,1,0,0,0,1,0,1,1,1,1,0,1,0,0,NA,0,0,0,0
"52",1,NA,1,0,1,1,1,1,1,1,0,0,1,1,1,1,1,1,1,1,1,1,1,1,1,0,1,0
"53",1,1,1,0,1,1,1,1,1,1,1,1,1,1,1,1,0,1,1,0,0,0,0,0,0,0,0,0
"54",1,1,1,0,1,1,0,0,0,0,1,0,0,0,0,0,0,1,1,1,1,0,1,1,1,0,0,1
"55",1,1,1,1,0,0,1,1,1,1,1,1,1,1,0,1,0,1,0,1,1,0,0,0,1,0,0,1
"56",1,1,1,1,1,1,1,1,1,1,1,1,1,1,0,1,0,1,1,1,0,0,0,0,0,0,0,1
"57",1,1,1,1,1,0,1,1,1,1,0,0,1,1,0,1,0,1,0,1,0,0,1,0,0,1,0,0
"58",1,NA,0,1,0,0,1,0,1,1,1,1,1,1,1,1,0,1,1,1,1,1,1,1,1,0,1,0
"59",1,1,0,1,1,1,1,0,1,1,0,0,1,1,0,0,0,1,1,1,1,0,0,1,1,0,0,0
"60",0,1,0,0,1,0,0,0,1,1,0,0,1,1,0,0,0,1,1,0,0,0,0,0,0,0,0,1
"61",1,1,0,0,1,0,0,0,0,1,0,0,0,0,0,0,1,1,0,0,0,0,0,0,0,0,0,0
"62",1,1,1,0,1,1,0,1,1,1,1,1,1,1,1,1,1,1,1,1,0,0,0,0,0,0,0,1
"63",1,1,0,1,0,0,1,0,1,1,0,0,1,1,1,1,0,0,1,0,0,0,0,0,0,0,0,1
"64",1,NA,1,1,1,1,1,1,1,1,0,1,1,1,1,1,0,0,1,1,1,1,1,1,1,1,0,1
"65",1,1,1,1,0,0,1,1,1,1,1,1,1,1,1,1,0,1,0,1,0,0,1,0,1,0,0,0
"66",1,1,1,0,1,0,1,1,1,1,0,1,1,0,0,0,0,1,0,0,1,0,1,1,1,0,0,1
"67",1,1,0,1,1,0,1,1,0,0,1,0,0,1,1,1,0,1,1,1,1,0,1,1,0,0,0,0
"68",1,1,1,1,0,1,1,1,1,1,1,1,0,1,1,1,1,1,0,0,0,1,1,0,0,0,0,1
"69",1,1,1,0,1,1,1,1,1,1,0,0,1,1,0,0,0,1,1,0,1,1,1,1,0,1,0,1
"70",1,1,1,0,1,1,1,1,1,1,0,1,0,0,0,1,0,0,0,1,1,1,1,1,0,0,0,1
"71",1,1,1,1,1,1,1,1,1,1,0,0,1,1,1,1,1,1,1,1,1,0,1,0,0,0,NA,NA
"72",0,NA,NA,NA,NA,NA,1,0,1,1,1,1,NA,NA,0,0,0,1,0,1,1,0,NA,NA,0,0,0,1
"73",1,NA,1,1,0,1,1,0,1,1,1,0,1,1,0,1,0,1,0,0,1,1,1,1,1,0,0,1
"74",1,1,0,1,0,1,1,1,0,1,0,0,1,0,0,1,0,1,0,0,1,0,0,0,0,0,0,0
"75",1,1,1,1,1,1,1,1,1,1,0,0,1,1,0,0,0,0,0,0,1,1,1,1,0,0,0,1
"76",NA,NA,NA,NA,NA,NA,1,1,1,1,1,1,1,1,1,1,1,1,1,0,1,1,1,0,0,0,1,1
"77",0,1,1,1,0,1,0,0,0,0,0,0,1,0,0,0,0,0,0,0,0,0,0,0,0,0,0,0
"78",NA,NA,NA,NA,NA,NA,1,1,1,1,1,1,0,0,0,0,1,1,1,1,1,NA,NA,0,0,0,0,0
"79",1,NA,1,0,1,1,1,0,1,1,1,1,1,1,0,1,1,1,1,0,1,0,1,1,0,0,0,1
"80",1,1,1,0,1,1,0,1,1,1,1,0,1,1,1,1,1,1,0,1,0,0,0,0,0,0,0,0
"81",1,NA,1,1,1,1,1,1,1,1,0,1,1,0,1,1,0,1,1,1,1,0,0,0,0,0,0,1
"82",1,1,1,0,0,1,1,1,1,1,0,0,1,1,0,0,1,1,1,1,1,0,0,1,0,0,0,1
"83",1,0,0,0,1,0,1,1,1,1,0,1,1,1,0,0,0,1,0,1,0,0,0,0,0,0,0,0
"84",NA,NA,1,1,1,NA,1,1,1,1,0,1,1,1,0,1,0,1,0,1,0,0,1,1,0,0,0,1
"85",0,1,0,0,0,1,1,0,1,0,0,0,1,1,0,1,1,1,0,0,0,0,0,0,0,0,0,0
"86",1,1,1,0,1,1,1,1,1,1,1,1,1,1,1,1,1,1,1,1,0,1,1,1,1,1,0,1
"87",1,1,1,1,0,1,0,1,1,1,0,0,0,0,0,0,1,1,0,1,1,0,0,0,1,0,0,1
"88",1,1,1,1,0,1,1,1,0,0,1,0,1,1,0,1,0,1,0,0,1,1,1,1,1,0,0,1
"89",1,1,1,0,1,1,1,0,1,0,0,0,0,0,0,0,0,1,1,0,0,0,0,0,0,0,0,0
"90",1,1,1,0,0,0,1,1,1,1,0,0,1,1,0,1,1,1,0,1,0,0,0,1,0,0,1,1
"91",1,1,0,0,1,0,1,1,1,0,0,0,1,1,0,1,1,1,0,1,1,0,0,0,0,0,0,0
"92",1,1,0,1,1,0,1,1,1,1,1,1,1,0,1,1,1,0,1,0,0,1,1,0,0,0,0,0
"93",1,1,0,1,1,0,1,1,1,1,0,0,1,0,0,0,1,1,0,0,0,0,0,0,0,0,0,0
"94",0,0,0,0,0,0,0,0,0,0,0,1,0,0,0,0,0,0,1,0,0,0,0,0,0,0,0,0
"95",1,0,1,1,0,0,0,0,0,0,0,0,1,1,0,0,0,1,0,0,0,0,0,0,0,0,0,1
"96",1,0,1,1,0,0,1,0,1,1,0,0,1,0,1,0,0,1,0,0,1,0,0,0,0,0,0,1
"97",1,1,1,0,0,0,0,0,0,1,0,0,1,1,0,1,0,0,0,0,0,0,0,0,0,0,0,0
"98",1,1,1,1,0,0,0,1,0,1,0,0,1,1,0,0,1,1,0,0,1,0,0,0,0,0,0,0
"99",1,1,0,0,0,0,1,0,1,1,0,0,0,0,0,1,0,1,0,1,0,1,1,0,0,0,0,0
"100",0,1,0,0,0,0,0,0,1,1,0,0,0,0,0,0,0,0,0,0,0,0,0,0,0,1,0,0
"101",1,1,1,0,0,0,0,0,0,1,0,0,1,0,0,1,1,1,1,0,0,0,0,1,0,0,0,0
"102",1,1,1,1,1,0,0,0,1,1,0,0,1,0,0,1,1,1,0,0,0,0,0,0,0,0,1,0
"103",0,1,1,1,0,0,1,1,0,1,0,0,0,0,0,0,0,0,0,0,1,0,0,0,0,0,0,0
"104",0,1,0,0,0,0,0,1,0,0,0,1,0,0,0,0,0,1,1,0,0,0,0,0,0,0,0,0
"105",1,1,0,0,0,0,1,1,1,0,0,0,1,0,0,1,0,0,0,0,1,1,0,1,0,0,0,1
"106",1,1,1,0,1,0,0,1,1,1,0,1,1,1,0,0,0,1,0,0,0,0,1,0,0,0,0,NA
"107",1,1,0,0,1,0,1,0,1,0,0,0,1,1,1,1,1,0,1,0,1,0,0,0,0,0,0,1
"108",0,0,0,0,1,0,0,0,1,0,0,0,0,0,0,0,0,1,0,0,0,0,0,0,0,0,0,0
"109",0,1,0,1,1,1,1,0,1,1,0,0,0,1,1,1,1,1,0,0,1,0,0,1,1,0,0,0
"110",0,1,0,0,0,0,0,1,1,1,0,1,1,0,0,0,0,1,1,0,0,0,0,0,0,0,0,0
"111",0,1,0,0,0,1,0,0,0,0,0,0,0,0,0,0,0,0,1,1,1,0,0,0,0,0,0,0
"112",0,1,0,0,0,0,1,0,1,1,0,0,1,0,1,1,0,1,0,0,0,0,0,0,0,1,0,0
"113",1,1,0,0,0,0,0,1,1,1,0,0,0,0,0,0,0,0,1,1,0,0,0,0,0,0,0,0
"114",1,0,1,0,0,0,0,0,0,0,0,0,0,0,0,0,0,1,1,0,0,0,0,0,0,0,0,0
"115",0,0,0,0,0,0,0,0,1,1,0,0,0,0,0,1,0,1,1,1,1,0,0,0,0,0,0,1
"116",0,0,0,0,0,0,0,0,0,0,1,0,0,0,0,0,0,0,0,0,0,0,0,0,0,0,0,0
"117",0,0,0,0,0,0,1,0,0,0,0,0,1,0,0,0,0,0,1,0,0,0,0,0,0,0,0,0
"118",0,1,1,0,1,1,1,1,1,1,0,1,0,0,0,0,1,1,1,1,0,0,0,0,0,0,0,1
"119",1,1,0,0,1,1,0,0,0,0,1,0,0,0,0,0,0,1,0,1,0,0,0,1,0,0,0,1
"120",0,1,0,0,0,0,1,0,0,1,0,0,0,0,0,0,1,1,0,1,1,0,0,0,0,0,0,0
"121",1,1,0,0,1,1,1,1,1,1,0,0,1,0,1,1,0,0,0,0,0,0,0,0,0,0,0,0
"122",1,1,0,0,1,1,1,1,1,1,0,0,1,0,0,0,1,1,1,0,0,0,0,0,0,0,0,0
"123",1,1,1,0,0,1,0,0,1,0,0,0,1,0,0,1,0,0,0,0,1,0,0,0,0,0,0,0
"124",1,1,1,0,1,1,1,1,1,1,1,1,0,0,0,0,1,0,0,0,0,0,0,0,0,0,0,0
"125",0,1,1,0,0,0,0,0,1,0,0,0,0,0,0,0,0,0,0,0,1,0,0,0,0,0,0,0
"126",0,0,1,0,1,0,1,0,1,1,0,1,1,0,0,0,0,1,0,0,0,1,1,0,0,0,0,1
"127",NA,NA,NA,NA,NA,NA,1,NA,1,1,1,0,NA,NA,NA,NA,1,NA,0,1,0,0,NA,NA,0,0,0,1
"128",1,1,0,0,0,0,1,0,1,1,0,1,1,0,0,1,0,1,1,0,1,0,0,0,0,0,1,1
"129",1,1,1,0,1,0,0,1,1,1,0,1,1,0,0,0,1,1,0,1,1,0,0,0,1,0,0,0
"130",1,1,0,1,1,0,1,0,0,1,0,0,1,1,0,0,1,1,1,0,0,0,0,0,0,0,0,0
"131",1,1,0,1,0,0,1,1,0,0,0,0,1,0,0,0,0,1,0,0,1,0,0,1,1,0,0,1
"132",1,1,0,0,1,1,0,0,0,0,0,0,0,0,0,0,1,0,0,0,1,0,0,0,0,0,0,1
"133",1,1,0,0,1,1,1,0,1,1,0,1,0,0,0,0,0,0,0,0,0,0,0,0,0,0,1,1
"134",1,1,1,1,0,1,1,0,1,1,0,1,0,0,1,1,1,1,1,0,0,1,1,0,1,0,0,1
"135",1,1,1,1,1,1,1,1,1,1,1,1,1,1,0,1,0,0,1,1,1,1,1,1,0,1,0,1
"136",1,1,0,0,0,1,1,1,1,1,0,0,0,0,0,0,0,0,1,1,0,1,0,0,0,0,0,0
"137",1,1,0,0,0,0,1,0,1,1,0,1,0,0,1,1,0,1,0,0,0,1,1,0,0,0,0,1
"138",1,1,1,0,1,1,1,1,1,1,0,0,0,0,0,0,0,1,1,1,0,0,0,0,0,0,0,0
"139",1,1,0,0,0,1,1,0,0,0,0,0,1,1,1,0,0,0,0,1,0,1,1,1,0,0,0,0
"140",1,1,1,0,1,0,0,0,1,0,1,1,1,1,0,1,0,0,0,0,1,0,0,0,0,0,1,1
"141",0,1,1,1,1,1,0,0,1,0,0,1,0,0,0,NA,0,1,0,0,0,0,0,0,0,NA,0,0
"142",0,1,1,0,0,1,0,0,0,0,1,0,0,0,0,0,1,1,0,0,0,0,0,0,1,0,0,0
"143",1,1,0,1,0,1,0,0,1,0,0,0,0,0,1,0,0,1,1,0,0,1,1,0,1,0,0,1
"144",1,1,1,0,1,1,1,1,1,1,1,0,1,1,0,0,0,1,1,1,0,1,1,0,0,0,0,1
"145",1,1,1,0,1,1,1,1,1,1,0,1,0,0,0,1,0,0,1,1,1,0,0,0,0,0,0,1
"146",1,1,1,1,0,1,1,1,1,1,1,1,1,0,0,1,0,1,0,0,1,1,1,0,0,0,0,1
"147",1,1,0,0,0,0,1,1,1,1,1,1,1,0,1,0,1,1,1,0,1,0,0,0,0,0,0,0
"148",1,1,1,1,1,1,1,1,1,1,0,1,1,0,0,0,1,1,1,1,1,0,0,1,1,1,0,0
"149",1,1,0,0,0,0,0,1,1,1,0,0,1,1,0,0,1,1,0,1,0,0,0,0,0,0,0,0
"150",1,1,1,0,1,0,1,0,0,0,0,0,1,1,0,0,0,0,1,1,1,1,1,1,1,0,1,1
"151",0,0,0,0,0,0,0,0,1,0,0,0,0,0,0,0,0,0,0,0,0,0,0,0,0,0,0,0
"152",NA,1,NA,NA,NA,NA,1,1,1,1,1,1,1,1,0,1,0,1,1,1,1,1,1,1,0,1,0,1
"153",1,1,0,0,1,1,1,0,0,0,1,0,0,0,0,1,0,0,1,0,1,1,1,0,0,0,0,1
"154",1,1,1,0,1,0,1,0,1,1,1,1,0,1,1,1,0,1,1,1,1,0,1,0,0,0,0,0
"155",0,0,1,0,0,0,1,1,0,1,0,0,0,0,0,1,0,1,1,1,0,0,0,0,0,0,0,1
"156",1,1,1,1,0,1,1,1,1,1,0,0,1,1,0,0,0,1,1,1,0,1,1,0,1,0,1,1
"157",1,1,1,1,1,1,1,1,1,1,0,1,0,0,0,1,1,0,0,0,1,1,1,0,0,0,1,1
"158",1,1,1,1,1,0,1,1,0,1,0,0,1,1,1,1,0,0,0,0,0,0,0,0,0,0,0,1
"159",1,1,1,0,0,0,1,0,0,0,0,0,1,0,0,0,0,0,0,1,1,1,1,0,0,0,0,0
"160",1,1,1,1,0,0,1,1,0,1,0,1,1,0,0,0,0,1,1,0,0,0,0,0,0,0,0,1
"161",0,1,0,0,0,1,1,1,1,1,0,1,1,0,0,0,1,1,0,1,1,0,0,0,0,0,0,0
"162",0,0,0,0,0,0,0,0,0,1,0,0,0,0,0,1,0,1,0,0,0,0,0,0,0,0,0,0
"163",1,1,1,0,0,1,0,1,1,1,0,0,1,0,0,1,0,1,0,0,1,0,1,1,0,0,0,1
"164",1,1,1,1,1,1,1,1,1,1,0,1,1,1,1,0,1,1,0,0,1,1,1,1,0,0,1,1
"165",1,1,1,1,1,0,1,1,1,1,0,1,0,0,0,1,0,1,1,0,1,0,0,0,0,0,0,1
"166",0,1,0,0,0,0,0,0,0,0,0,0,0,0,0,0,0,1,0,0,0,0,0,0,0,0,0,1
"167",1,1,1,0,1,1,0,0,1,1,0,0,1,0,0,0,0,1,0,0,0,0,0,0,0,0,0,0
"168",1,1,1,0,1,0,1,1,1,1,0,1,1,0,0,0,0,1,0,1,1,1,1,1,1,0,1,1
"169",1,1,0,1,1,0,1,1,1,1,1,1,1,0,0,0,0,1,1,1,1,0,0,0,0,0,0,1
"170",1,1,1,1,0,0,1,1,1,1,0,1,0,1,0,0,1,1,1,0,1,0,0,0,0,0,0,0
"171",1,1,0,0,0,0,0,0,0,0,1,0,1,0,0,0,0,1,1,0,0,0,1,1,0,0,1,0
"172",1,1,0,0,1,1,0,0,0,0,1,0,1,0,0,0,0,1,0,0,0,1,1,0,1,0,0,1
"173",1,1,1,0,0,1,1,1,1,1,0,0,1,1,0,0,1,1,0,0,1,0,0,0,0,0,0,0
"174",1,1,1,0,0,1,0,0,0,0,NA,NA,1,1,0,0,1,1,0,1,1,0,0,NA,0,0,0,0
"175",NA,NA,NA,NA,NA,NA,0,0,1,1,0,0,NA,NA,0,0,1,1,0,1,1,NA,NA,NA,0,0,0,1
"176",1,1,0,0,0,0,0,0,0,1,0,1,NA,NA,NA,NA,NA,NA,NA,NA,NA,NA,NA,NA,NA,NA,NA,NA
"177",NA,NA,0,0,0,NA,0,NA,NA,NA,NA,NA,0,0,0,0,NA,NA,0,0,1,0,1,0,0,NA,0,0
"178",0,0,0,0,1,0,0,0,0,0,0,0,0,0,0,0,0,1,0,0,1,0,0,0,0,0,0,0
"179",0,0,0,0,0,0,1,0,1,0,0,0,0,0,1,0,0,0,1,0,0,0,0,0,0,0,0,0
"180",0,0,0,0,NA,NA,0,0,0,1,NA,NA,0,0,0,0,NA,NA,0,0,0,0,0,0,0,0,0,0
"181",NA,NA,0,0,0,NA,0,1,NA,NA,NA,NA,1,1,0,0,1,1,0,0,0,0,0,0,0,NA,0,0
"182",0,0,0,0,0,0,0,0,0,1,0,0,0,0,0,1,0,1,0,0,1,0,0,0,0,0,0,0
"183",0,0,0,0,0,0,0,0,0,1,0,0,0,0,0,0,0,0,0,1,0,0,0,0,0,0,0,0
"184",NA,NA,NA,0,NA,NA,NA,NA,NA,NA,NA,NA,NA,NA,0,0,NA,NA,0,0,0,1,1,0,0,0,0,0
"185",0,0,0,0,0,0,1,0,0,0,1,0,1,0,1,0,0,0,NA,NA,NA,NA,NA,NA,NA,NA,NA,NA
"186",0,0,0,0,0,0,0,0,0,NA,NA,NA,0,0,0,1,0,0,0,1,1,1,1,0,0,0,0,0
"187",NA,NA,0,0,0,0,0,0,NA,NA,NA,NA,0,NA,0,0,0,NA,0,1,1,0,0,0,0,NA,0,0
"188",1,1,0,0,0,0,0,1,0,0,0,0,0,0,0,0,0,1,0,1,1,0,0,0,0,0,0,0
"189",0,1,1,0,0,0,0,0,0,0,0,0,0,0,0,0,0,1,0,0,0,0,0,0,0,0,0,0
"190",0,0,0,0,0,0,0,0,0,0,0,1,0,0,0,0,0,0,1,0,1,0,0,0,0,0,0,0
"191",0,0,0,0,0,0,0,0,0,0,0,1,0,0,0,0,0,0,1,0,1,0,0,0,0,0,0,0
"192",1,1,0,0,0,0,0,0,0,1,0,0,1,1,0,0,0,0,0,0,1,0,0,0,0,0,0,1
"193",1,1,1,0,0,0,0,1,0,0,0,0,0,0,0,0,0,0,0,0,1,0,0,0,0,0,0,0
"194",1,1,0,1,0,0,0,0,0,0,0,0,1,0,0,1,0,0,1,1,0,0,0,0,0,0,0,0
"195",1,0,0,0,0,0,0,0,0,1,0,0,1,1,0,1,0,1,1,1,1,0,0,0,0,0,0,0
"196",1,1,1,1,0,0,1,0,0,0,0,1,1,0,0,0,1,1,1,0,0,0,0,0,0,0,0,0
"197",1,1,0,0,0,0,0,0,1,1,0,1,0,0,0,1,0,1,1,0,1,0,0,0,0,0,0,0
"198",NA,NA,0,1,1,NA,1,1,1,1,0,0,NA,NA,0,0,0,0,1,0,1,0,NA,NA,0,0,0,0
"199",1,1,0,0,1,0,0,0,0,0,0,0,1,0,0,0,0,0,0,0,1,0,NA,NA,NA,NA,NA,NA
"200",1,0,0,0,0,0,0,0,1,0,0,0,1,0,0,1,1,1,1,0,0,0,0,0,0,0,0,1
"201",1,1,0,0,0,0,0,0,1,0,0,0,0,1,0,0,1,1,0,0,0,0,0,1,0,0,0,1
"202",1,1,1,0,0,0,1,1,1,1,0,1,1,1,1,1,1,1,0,0,0,0,0,1,1,0,0,0
"203",1,1,0,0,0,0,0,1,1,1,0,1,0,1,0,1,1,0,0,1,0,0,0,0,0,1,0,0
"204",NA,NA,NA,NA,NA,NA,1,1,1,1,0,0,NA,NA,0,0,1,1,0,0,1,NA,NA,NA,0,0,0,0
"205",1,1,1,1,1,1,0,1,1,1,0,1,1,1,0,0,1,0,0,0,1,NA,NA,NA,NA,NA,NA,NA
"206",1,0,1,0,1,1,1,0,0,1,0,0,0,1,0,0,0,1,0,0,0,0,0,0,0,0,0,0
"207",1,1,0,1,0,0,1,0,1,0,0,1,0,0,0,0,0,0,0,0,0,0,0,0,0,0,0,1
"208",0,0,0,0,0,0,0,0,0,0,0,0,0,0,0,0,0,1,0,0,0,0,0,0,0,0,0,0
"209",1,1,1,0,1,0,1,0,1,1,0,0,0,0,0,0,1,0,0,0,1,0,0,1,0,0,0,0
"210",NA,NA,NA,NA,NA,NA,NA,NA,1,1,1,1,NA,NA,0,0,1,1,NA,NA,NA,0,NA,NA,1,0,0,1
"211",1,1,0,0,0,1,0,0,0,0,0,1,1,1,0,0,1,1,0,0,0,0,0,0,0,1,0,0
"212",0,1,1,0,0,0,0,0,1,0,0,0,0,0,0,0,0,1,0,0,0,0,0,0,0,0,0,1
"213",0,1,0,0,0,0,0,1,0,1,0,0,0,0,0,0,0,1,0,0,1,0,0,0,0,1,0,0
"214",1,1,0,0,0,0,1,1,1,1,1,1,1,0,0,1,0,0,0,0,0,NA,NA,NA,NA,NA,NA,NA
"215",0,1,1,0,1,1,1,1,1,1,1,1,1,1,0,0,0,1,0,0,1,0,0,1,1,0,1,1
"216",1,1,0,0,1,1,1,0,1,1,0,0,0,1,0,0,0,1,0,0,1,0,0,0,0,0,0,0
"217",1,1,1,1,1,1,1,1,1,1,0,1,1,1,0,1,1,1,0,1,1,0,1,1,1,0,1,0
"218",NA,NA,NA,NA,NA,NA,1,0,1,1,0,0,NA,NA,NA,NA,0,NA,NA,NA,1,0,NA,NA,1,0,0,1
"219",0,1,0,1,0,0,1,0,0,0,0,0,0,1,0,0,0,1,0,1,1,0,0,0,0,0,0,0
"220",0,0,1,1,1,1,1,0,0,1,0,0,1,1,1,1,1,1,1,0,1,0,0,0,0,0,0,0
"221",1,0,0,0,0,0,0,1,0,0,1,0,0,0,0,1,0,1,1,0,0,0,0,0,0,0,0,1
"222",1,1,1,1,0,0,1,0,1,1,1,0,1,1,0,1,1,1,0,1,0,0,1,1,1,0,0,0
"223",1,0,1,0,0,0,1,0,1,0,0,0,0,0,0,0,0,0,0,0,0,1,1,0,0,0,0,1
"224",1,1,1,0,1,1,1,0,1,1,0,1,1,0,1,1,0,0,0,0,1,1,1,1,1,0,0,1
"225",NA,NA,0,1,NA,NA,1,1,1,1,1,1,1,1,1,1,0,1,0,1,1,1,1,1,0,1,0,1
"226",1,1,0,1,0,1,1,1,1,1,0,0,1,0,1,0,1,0,0,0,1,0,0,0,0,0,0,0
"227",1,1,1,0,1,1,1,1,1,1,0,0,1,1,0,0,0,1,1,1,0,0,0,0,0,0,1,0
"228",0,1,0,0,0,0,0,0,0,0,0,0,0,0,0,0,0,0,1,0,0,0,0,0,0,0,0,0
"229",1,0,0,0,0,0,0,0,1,0,1,0,0,0,0,0,0,0,1,0,1,0,0,0,0,0,0,0
"230",1,1,0,0,1,0,0,0,1,1,0,1,1,0,0,1,0,0,1,1,1,0,0,0,0,0,0,0
