"SubjID","Sess","Classroom","Gender","Race","Level_Code","pre_scaled","post_scaled","gain_scaled","Form_Order","PreACorr","PostBCorr","PreBCorr","PostACorr","PreScore","PostScore","Gain","preacorr_adj","postbcorr_adj","prebcorr_adj","postacorr_adj","Zpreacorr_adj","Zpostbcorr_adj","Zprebcorr_adj","Zpostacorr_adj","scale_prea","scale_preb","scale_posta","scale_postb","Flagged","Last_Row","Gain_again"
"S052","s01-17",1,1,8,2,44,78,34,1,6,18,"#NULL!","#NULL!",6,18,12,6,17,"#NULL!","#NULL!",-0.58,1.99,"#NULL!","#NULL!",44,"#NULL!","#NULL!",78,0,34,12
"S053","s01-03",1,1,2,2,45,39,-6,2,"#NULL!","#NULL!",7,4,7,4,-3,"#NULL!","#NULL!",6,4,"#NULL!","#NULL!",-0.49,-1.59,"#NULL!",45,39,"#NULL!",0,62,-3
"S054","s01-08",1,1,7,2,70,69,-1,1,16,16,"#NULL!","#NULL!",16,16,0,15,14,"#NULL!","#NULL!",1.97,1.25,"#NULL!","#NULL!",70,"#NULL!","#NULL!",69,0,"#NULL!",0
"S055","s01-01",1,2,7,2,48,53,5,2,"#NULL!","#NULL!",7,9,7,9,2,"#NULL!","#NULL!",7,9,"#NULL!","#NULL!",-0.19,-0.23,"#NULL!",48,53,"#NULL!",0,62,2
"S056","s01-12",1,2,8,2,41,51,10,1,5,9,"#NULL!","#NULL!",5,9,4,5,8,"#NULL!","#NULL!",-0.86,-0.25,"#NULL!","#NULL!",41,"#NULL!","#NULL!",51,0,62,4
"S057","s01-09",1,2,7,2,48,67,19,2,"#NULL!","#NULL!",7,15,7,15,8,"#NULL!","#NULL!",7,14,"#NULL!","#NULL!",-0.19,1.12,"#NULL!",48,67,"#NULL!",0,"#NULL!",8
"S058","s01-02",1,1,4,2,56,54,-2,1,10,9,"#NULL!","#NULL!",10,9,-1,10,9,"#NULL!","#NULL!",0.55,0,"#NULL!","#NULL!",56,"#NULL!","#NULL!",54,0,62,-1
"S059","s01-13",1,1,6,2,45,53,8,2,"#NULL!","#NULL!",7,10,7,10,3,"#NULL!","#NULL!",6,9,"#NULL!","#NULL!",-0.49,-0.23,"#NULL!",45,53,"#NULL!",0,57,3
"S060","s01-10",1,1,7,2,50,51,1,1,8,8,"#NULL!","#NULL!",8,8,0,8,8,"#NULL!","#NULL!",-0.01,-0.25,"#NULL!","#NULL!",50,"#NULL!","#NULL!",51,0,"#NULL!",0
"S061","s01-04",1,1,3,2,60,50,-10,2,"#NULL!","#NULL!",11,8,11,8,-3,"#NULL!","#NULL!",11,8,"#NULL!","#NULL!",1.01,-0.5,"#NULL!",60,50,"#NULL!",0,62,-3
"S062","s01-07",1,2,3,2,47,54,7,1,8,10,"#NULL!","#NULL!",8,10,2,7,9,"#NULL!","#NULL!",-0.29,0,"#NULL!","#NULL!",47,"#NULL!","#NULL!",54,0,61,2
"S063","s01-05",1,2,7,2,50,54,4,1,8,10,"#NULL!","#NULL!",8,10,2,8,9,"#NULL!","#NULL!",-0.01,0,"#NULL!","#NULL!",50,"#NULL!","#NULL!",54,0,62,2
"S064","s01-14",1,1,3,2,69,73,4,2,"#NULL!","#NULL!",14,16,14,16,2,"#NULL!","#NULL!",14,16,"#NULL!","#NULL!",1.91,1.66,"#NULL!",69,73,"#NULL!",0,62,2
"S065","s01-15",1,1,2,2,47,66,19,1,7,13,"#NULL!","#NULL!",7,13,6,7,13,"#NULL!","#NULL!",-0.29,1,"#NULL!","#NULL!",47,"#NULL!","#NULL!",66,0,"#NULL!",6
"S066","s01-06",1,2,6,2,39,53,14,2,"#NULL!","#NULL!",4,9,4,9,5,"#NULL!","#NULL!",4,9,"#NULL!","#NULL!",-1.09,-0.23,"#NULL!",39,53,"#NULL!",0,62,5
"S067","s01-11",1,2,3,2,50,48,-2,1,9,7,"#NULL!","#NULL!",9,7,-2,8,7,"#NULL!","#NULL!",-0.01,-0.49,"#NULL!","#NULL!",50,"#NULL!","#NULL!",48,0,60,-2
"S068","s01-16",1,1,6,2,54,50,-4,2,"#NULL!","#NULL!",9,8,9,8,-1,"#NULL!","#NULL!",9,8,"#NULL!","#NULL!",0.41,-0.5,"#NULL!",54,50,"#NULL!",0,"#NULL!",-1
"S074","s02-03",2,2,6,2,61,60,-1,1,12,12,"#NULL!","#NULL!",12,12,0,12,11,"#NULL!","#NULL!",1.12,0.5,"#NULL!","#NULL!",61,"#NULL!","#NULL!",60,0,62,0
"S075","s02-02",2,1,2,2,45,61,16,2,"#NULL!","#NULL!",7,13,7,13,6,"#NULL!","#NULL!",6,12,"#NULL!","#NULL!",-0.49,0.58,"#NULL!",45,61,"#NULL!",0,62,6
"S076","s02-14",2,1,7,2,53,51,-2,1,9,8,"#NULL!","#NULL!",9,8,-1,9,8,"#NULL!","#NULL!",0.27,-0.25,"#NULL!","#NULL!",53,"#NULL!","#NULL!",51,0,"#NULL!",-1
"S077","s02-16",2,2,2,2,70,75,5,1,16,17,"#NULL!","#NULL!",16,17,1,15,16,"#NULL!","#NULL!",1.97,1.74,"#NULL!","#NULL!",70,"#NULL!","#NULL!",75,0,62,1
"S078","s02-10",2,2,6,2,53,54,1,1,10,9,"#NULL!","#NULL!",10,9,-1,9,9,"#NULL!","#NULL!",0.27,0,"#NULL!","#NULL!",53,"#NULL!","#NULL!",54,0,62,-1
"S079","s02-19",2,2,7,2,72,56,-16,2,"#NULL!","#NULL!",15,11,15,11,-4,"#NULL!","#NULL!",15,10,"#NULL!","#NULL!",2.21,0.04,"#NULL!",72,56,"#NULL!",0,"#NULL!",-4
"S080","s02-09",2,2,7,2,45,47,2,2,"#NULL!","#NULL!",6,7,6,7,1,"#NULL!","#NULL!",6,7,"#NULL!","#NULL!",-0.49,-0.78,"#NULL!",45,47,"#NULL!",0,62,1
"S081","s02-15",2,1,7,2,61,54,-7,1,12,10,"#NULL!","#NULL!",12,10,-2,12,9,"#NULL!","#NULL!",1.12,0,"#NULL!","#NULL!",61,"#NULL!","#NULL!",54,0,62,-2
"S082","s02-05",2,2,7,2,57,39,-18,2,"#NULL!","#NULL!",10,4,10,4,-6,"#NULL!","#NULL!",10,4,"#NULL!","#NULL!",0.71,-1.59,"#NULL!",57,39,"#NULL!",1,"#NULL!",-6
"S083","s02-06",2,2,7,2,63,41,-22,2,"#NULL!","#NULL!",12,6,12,6,-6,"#NULL!","#NULL!",12,5,"#NULL!","#NULL!",1.31,-1.32,"#NULL!",63,41,"#NULL!",1,62,-6
"S084","s02-13",2,2,7,2,56,48,-8,1,11,7,"#NULL!","#NULL!",11,7,-4,10,7,"#NULL!","#NULL!",0.55,-0.49,"#NULL!","#NULL!",56,"#NULL!","#NULL!",48,0,62,-4
"S085","s02-12",2,2,6,2,51,56,5,2,"#NULL!","#NULL!",8,10,8,10,2,"#NULL!","#NULL!",8,10,"#NULL!","#NULL!",0.11,0.04,"#NULL!",51,56,"#NULL!",0,"#NULL!",2
"S086","s02-07",2,2,7,2,63,67,4,2,"#NULL!","#NULL!",12,14,12,14,2,"#NULL!","#NULL!",12,14,"#NULL!","#NULL!",1.31,1.12,"#NULL!",63,67,"#NULL!",0,62,2
"S087","s02-08",2,2,7,2,53,51,-2,1,10,8,"#NULL!","#NULL!",10,8,-2,9,8,"#NULL!","#NULL!",0.27,-0.25,"#NULL!","#NULL!",53,"#NULL!","#NULL!",51,0,62,-2
"S088","s02-04",2,2,7,2,48,58,10,2,"#NULL!","#NULL!",8,11,8,11,3,"#NULL!","#NULL!",7,11,"#NULL!","#NULL!",-0.19,0.31,"#NULL!",48,58,"#NULL!",0,"#NULL!",3
"S089","s02-17",2,2,7,2,42,61,19,2,"#NULL!","#NULL!",5,12,5,12,7,"#NULL!","#NULL!",5,12,"#NULL!","#NULL!",-0.79,0.58,"#NULL!",42,61,"#NULL!",0,49,7
"S090","s02-18",2,2,7,2,56,51,-5,1,10,9,"#NULL!","#NULL!",10,9,-1,10,8,"#NULL!","#NULL!",0.55,-0.25,"#NULL!","#NULL!",56,"#NULL!","#NULL!",51,0,62,-1
"S091","s02-01",2,2,4,2,57,67,10,2,"#NULL!","#NULL!",11,14,11,14,3,"#NULL!","#NULL!",10,14,"#NULL!","#NULL!",0.71,1.12,"#NULL!",57,67,"#NULL!",0,"#NULL!",3
"S097","s03-18",3,1,2,2,61,57,-4,1,12,10,"#NULL!","#NULL!",12,10,-2,12,10,"#NULL!","#NULL!",1.12,0.25,"#NULL!","#NULL!",61,"#NULL!","#NULL!",57,0,62,-2
"S098","s03-07",3,1,2,2,54,64,10,2,"#NULL!","#NULL!",9,13,9,13,4,"#NULL!","#NULL!",9,13,"#NULL!","#NULL!",0.41,0.85,"#NULL!",54,64,"#NULL!",0,62,4
"S099","s03-03",3,1,3,2,41,51,10,1,5,9,"#NULL!","#NULL!",5,9,4,5,8,"#NULL!","#NULL!",-0.86,-0.25,"#NULL!","#NULL!",41,"#NULL!","#NULL!",51,0,"#NULL!",4
"S100","s03-08",3,1,7,2,63,58,-5,2,"#NULL!","#NULL!",12,11,12,11,-1,"#NULL!","#NULL!",12,11,"#NULL!","#NULL!",1.31,0.31,"#NULL!",63,58,"#NULL!",0,62,-1
"S101","s03-02",3,1,2,2,56,48,-8,1,11,7,"#NULL!","#NULL!",11,7,-4,10,7,"#NULL!","#NULL!",0.55,-0.49,"#NULL!","#NULL!",56,"#NULL!","#NULL!",48,0,62,-4
"S102","s03-06",3,1,7,2,63,67,4,2,"#NULL!","#NULL!",12,15,12,15,3,"#NULL!","#NULL!",12,14,"#NULL!","#NULL!",1.31,1.12,"#NULL!",63,67,"#NULL!",0,"#NULL!",3
"S103","s03-10",3,1,6,2,61,78,17,1,13,18,"#NULL!","#NULL!",13,18,5,12,17,"#NULL!","#NULL!",1.12,1.99,"#NULL!","#NULL!",61,"#NULL!","#NULL!",78,0,50,5
"S104","s03-16",3,1,7,2,42,53,11,2,"#NULL!","#NULL!",5,9,5,9,4,"#NULL!","#NULL!",5,9,"#NULL!","#NULL!",-0.79,-0.23,"#NULL!",42,53,"#NULL!",0,62,4
"S105","s03-15",3,1,7,2,50,54,4,1,8,10,"#NULL!","#NULL!",8,10,2,8,9,"#NULL!","#NULL!",-0.01,0,"#NULL!","#NULL!",50,"#NULL!","#NULL!",54,0,"#NULL!",2
"S106","s03-09",3,1,8,2,57,73,16,2,"#NULL!","#NULL!",10,16,10,16,6,"#NULL!","#NULL!",10,16,"#NULL!","#NULL!",0.71,1.66,"#NULL!",57,73,"#NULL!",0,55,6
"S107","s03-12",3,2,7,2,47,45,-2,1,8,6,"#NULL!","#NULL!",8,6,-2,7,6,"#NULL!","#NULL!",-0.29,-0.74,"#NULL!","#NULL!",47,"#NULL!","#NULL!",45,0,57,-2
"S108","s03-17",3,1,6,2,57,73,16,2,"#NULL!","#NULL!",10,16,10,16,6,"#NULL!","#NULL!",10,16,"#NULL!","#NULL!",0.71,1.66,"#NULL!",57,73,"#NULL!",0,"#NULL!",6
"S109","s03-13",3,2,6,2,50,54,4,1,8,9,"#NULL!","#NULL!",8,9,1,8,9,"#NULL!","#NULL!",-0.01,0,"#NULL!","#NULL!",50,"#NULL!","#NULL!",54,0,62,1
"S110","s03-11",3,2,6,2,63,76,13,2,"#NULL!","#NULL!",12,17,12,17,5,"#NULL!","#NULL!",12,17,"#NULL!","#NULL!",1.31,1.93,"#NULL!",63,76,"#NULL!",0,61,5
"S111","s03-04",3,2,5,2,56,54,-2,1,10,9,"#NULL!","#NULL!",10,9,-1,10,9,"#NULL!","#NULL!",0.55,0,"#NULL!","#NULL!",56,"#NULL!","#NULL!",54,0,"#NULL!",-1
"S112","s03-14",3,2,3,2,54,61,7,2,"#NULL!","#NULL!",9,13,9,13,4,"#NULL!","#NULL!",9,12,"#NULL!","#NULL!",0.41,0.58,"#NULL!",54,61,"#NULL!",0,36,4
"S113","s03-01",3,1,6,2,44,63,19,1,6,13,"#NULL!","#NULL!",6,13,7,6,12,"#NULL!","#NULL!",-0.58,0.75,"#NULL!","#NULL!",44,"#NULL!","#NULL!",63,0,62,7
"S114","s03-05",3,1,7,2,66,70,4,2,"#NULL!","#NULL!",13,15,13,15,2,"#NULL!","#NULL!",13,15,"#NULL!","#NULL!",1.61,1.39,"#NULL!",66,70,"#NULL!",0,"#NULL!",2
"S119","s04-17",4,1,2,1,58,63,5,1,12,12,"#NULL!","#NULL!",12,12,0,11,12,"#NULL!","#NULL!",0.84,0.75,"#NULL!","#NULL!",58,"#NULL!","#NULL!",63,0,62,0
"S120","s04-03",4,1,3,1,51,70,19,2,"#NULL!","#NULL!",9,16,9,16,7,"#NULL!","#NULL!",8,15,"#NULL!","#NULL!",0.11,1.39,"#NULL!",51,70,"#NULL!",0,62,7
"S121","s04-12",4,1,2,1,70,81,11,1,15,19,"#NULL!","#NULL!",15,19,4,15,18,"#NULL!","#NULL!",1.97,2.24,"#NULL!","#NULL!",70,"#NULL!","#NULL!",81,0,"#NULL!",4
"S122","s04-05",4,1,7,1,75,58,-17,2,"#NULL!","#NULL!",16,12,16,12,-4,"#NULL!","#NULL!",16,11,"#NULL!","#NULL!",2.51,0.31,"#NULL!",75,58,"#NULL!",0,62,-4
"S123","s04-13",4,1,6,1,56,72,16,1,10,16,"#NULL!","#NULL!",10,16,6,10,15,"#NULL!","#NULL!",0.55,1.49,"#NULL!","#NULL!",56,"#NULL!","#NULL!",72,0,62,6
"S124","s04-06",4,2,6,1,57,70,13,2,"#NULL!","#NULL!",12,15,12,15,3,"#NULL!","#NULL!",10,15,"#NULL!","#NULL!",0.71,1.39,"#NULL!",57,70,"#NULL!",0,"#NULL!",3
"S125","s04-10",4,1,7,1,50,60,10,1,8,11,"#NULL!","#NULL!",8,11,3,8,11,"#NULL!","#NULL!",-0.01,0.5,"#NULL!","#NULL!",50,"#NULL!","#NULL!",60,0,62,3
"S126","s04-08",4,1,7,1,45,47,2,2,"#NULL!","#NULL!",7,7,7,7,0,"#NULL!","#NULL!",6,7,"#NULL!","#NULL!",-0.49,-0.78,"#NULL!",45,47,"#NULL!",0,62,0
"S127","s04-07",4,1,7,1,64,60,-4,1,13,11,"#NULL!","#NULL!",13,11,-2,13,11,"#NULL!","#NULL!",1.4,0.5,"#NULL!","#NULL!",64,"#NULL!","#NULL!",60,0,"#NULL!",-2
"S128","s04-02",4,2,2,1,54,67,13,2,"#NULL!","#NULL!",10,14,10,14,4,"#NULL!","#NULL!",9,14,"#NULL!","#NULL!",0.41,1.12,"#NULL!",54,67,"#NULL!",0,62,4
"S129","s04-01",4,2,2,1,78,84,6,1,19,20,"#NULL!","#NULL!",19,20,1,18,19,"#NULL!","#NULL!",2.82,2.49,"#NULL!","#NULL!",78,"#NULL!","#NULL!",84,0,62,1
"S130","s04-14",4,2,6,1,45,67,22,2,"#NULL!","#NULL!",6,14,6,14,8,"#NULL!","#NULL!",6,14,"#NULL!","#NULL!",-0.49,1.12,"#NULL!",45,67,"#NULL!",0,"#NULL!",8
"S131","s04-16",4,2,7,1,58,75,17,1,12,18,"#NULL!","#NULL!",12,18,6,11,16,"#NULL!","#NULL!",0.84,1.74,"#NULL!","#NULL!",58,"#NULL!","#NULL!",75,0,62,6
"S132","s04-11",4,2,7,1,57,61,4,2,"#NULL!","#NULL!",11,13,11,13,2,"#NULL!","#NULL!",10,12,"#NULL!","#NULL!",0.71,0.58,"#NULL!",57,61,"#NULL!",0,62,2
"S133","s04-18",4,2,7,1,50,54,4,1,8,10,"#NULL!","#NULL!",8,10,2,8,9,"#NULL!","#NULL!",-0.01,0,"#NULL!","#NULL!",50,"#NULL!","#NULL!",54,0,"#NULL!",2
"S134","s04-09",4,2,6,1,60,67,7,2,"#NULL!","#NULL!",12,15,12,15,3,"#NULL!","#NULL!",11,14,"#NULL!","#NULL!",1.01,1.12,"#NULL!",60,67,"#NULL!",0,62,3
"S135","s04-15",4,1,3,1,56,60,4,1,10,11,"#NULL!","#NULL!",10,11,1,10,11,"#NULL!","#NULL!",0.55,0.5,"#NULL!","#NULL!",56,"#NULL!","#NULL!",60,0,62,1
"S136","s04-04",4,1,7,1,60,64,4,2,"#NULL!","#NULL!",11,13,11,13,2,"#NULL!","#NULL!",11,13,"#NULL!","#NULL!",1.01,0.85,"#NULL!",60,64,"#NULL!",0,"#NULL!",2
"S140","s05-11",5,1,6,1,39,48,9,1,4,8,"#NULL!","#NULL!",4,8,4,4,7,"#NULL!","#NULL!",-1.14,-0.49,"#NULL!","#NULL!",39,"#NULL!","#NULL!",48,0,32,4
"S141","s05-07",5,1,3,1,57,53,-4,2,"#NULL!","#NULL!",10,9,10,9,-1,"#NULL!","#NULL!",10,9,"#NULL!","#NULL!",0.71,-0.23,"#NULL!",57,53,"#NULL!",0,62,-1
"S142","s05-06",5,1,7,1,50,57,7,1,8,10,"#NULL!","#NULL!",8,10,2,8,10,"#NULL!","#NULL!",-0.01,0.25,"#NULL!","#NULL!",50,"#NULL!","#NULL!",57,0,"#NULL!",2
"S143","s05-03",5,1,7,1,63,67,4,2,"#NULL!","#NULL!",12,15,12,15,3,"#NULL!","#NULL!",12,14,"#NULL!","#NULL!",1.31,1.12,"#NULL!",63,67,"#NULL!",0,61,3
"S144","s05-10",5,1,7,1,64,69,5,1,14,16,"#NULL!","#NULL!",14,16,2,13,14,"#NULL!","#NULL!",1.4,1.25,"#NULL!","#NULL!",64,"#NULL!","#NULL!",69,0,48,2
"S145","s05-08",5,1,7,1,45,47,2,2,"#NULL!","#NULL!",6,7,6,7,1,"#NULL!","#NULL!",6,7,"#NULL!","#NULL!",-0.49,-0.78,"#NULL!",45,47,"#NULL!",0,"#NULL!",1
"S146","s05-05",5,1,7,1,56,57,1,1,10,11,"#NULL!","#NULL!",10,11,1,10,10,"#NULL!","#NULL!",0.55,0.25,"#NULL!","#NULL!",56,"#NULL!","#NULL!",57,0,43,1
"S147","s05-13",5,2,7,1,66,64,-2,2,"#NULL!","#NULL!",13,13,13,13,0,"#NULL!","#NULL!",13,13,"#NULL!","#NULL!",1.61,0.85,"#NULL!",66,64,"#NULL!",0,62,0
"S148","s05-09",5,1,8,1,50,66,16,1,8,13,"#NULL!","#NULL!",8,13,5,8,13,"#NULL!","#NULL!",-0.01,1,"#NULL!","#NULL!",50,"#NULL!","#NULL!",66,0,"#NULL!",5
"S149","s05-14",5,1,7,1,60,70,10,2,"#NULL!","#NULL!",12,16,12,16,4,"#NULL!","#NULL!",11,15,"#NULL!","#NULL!",1.01,1.39,"#NULL!",60,70,"#NULL!",0,62,4
"S150","s05-16",5,2,7,1,53,72,19,1,9,16,"#NULL!","#NULL!",9,16,7,9,15,"#NULL!","#NULL!",0.27,1.49,"#NULL!","#NULL!",53,"#NULL!","#NULL!",72,0,62,7
"S151","s05-12",5,1,2,1,57,70,13,2,"#NULL!","#NULL!",10,15,10,15,5,"#NULL!","#NULL!",10,15,"#NULL!","#NULL!",0.71,1.39,"#NULL!",57,70,"#NULL!",0,"#NULL!",5
"S152","s05-04",5,1,3,1,73,60,-13,1,17,11,"#NULL!","#NULL!",17,11,-6,16,11,"#NULL!","#NULL!",2.25,0.5,"#NULL!","#NULL!",73,"#NULL!","#NULL!",60,0,52,-6
"S153","s05-17",5,2,7,1,48,70,22,2,"#NULL!","#NULL!",7,16,7,16,9,"#NULL!","#NULL!",7,15,"#NULL!","#NULL!",-0.19,1.39,"#NULL!",48,70,"#NULL!",0,62,9
"S154","s05-01",5,2,7,1,56,72,16,1,10,15,"#NULL!","#NULL!",10,15,5,10,15,"#NULL!","#NULL!",0.55,1.49,"#NULL!","#NULL!",56,"#NULL!","#NULL!",72,0,"#NULL!",5
"S155","s05-15",5,2,6,1,45,58,13,2,"#NULL!","#NULL!",6,12,6,12,6,"#NULL!","#NULL!",6,11,"#NULL!","#NULL!",-0.49,0.31,"#NULL!",45,58,"#NULL!",0,59,6
"S156","s05-02",5,2,7,1,67,72,5,1,14,16,"#NULL!","#NULL!",14,16,2,14,15,"#NULL!","#NULL!",1.68,1.49,"#NULL!","#NULL!",67,"#NULL!","#NULL!",72,0,62,2
"S157","s06-07",6,1,8,2,47,54,7,1,7,11,"#NULL!","#NULL!",7,11,4,7,9,"#NULL!","#NULL!",-0.29,0,"#NULL!","#NULL!",47,"#NULL!","#NULL!",54,0,62,4
"S158","s06-13",6,1,8,2,57,67,10,2,"#NULL!","#NULL!",11,14,11,14,3,"#NULL!","#NULL!",10,14,"#NULL!","#NULL!",0.71,1.12,"#NULL!",57,67,"#NULL!",0,62,3
"S159","s06-02",6,1,7,2,47,48,1,1,7,9,"#NULL!","#NULL!",7,9,2,7,7,"#NULL!","#NULL!",-0.29,-0.49,"#NULL!","#NULL!",47,"#NULL!","#NULL!",48,0,"#NULL!",2
"S160","s06-01",6,2,7,2,45,53,8,2,"#NULL!","#NULL!",7,10,7,10,3,"#NULL!","#NULL!",6,9,"#NULL!","#NULL!",-0.49,-0.23,"#NULL!",45,53,"#NULL!",0,62,3
"S161","s06-11",6,1,7,2,44,42,-2,1,6,5,"#NULL!","#NULL!",6,5,-1,6,5,"#NULL!","#NULL!",-0.58,-0.99,"#NULL!","#NULL!",44,"#NULL!","#NULL!",42,0,62,-1
"S162","s06-15",6,1,3,2,48,58,10,2,"#NULL!","#NULL!",8,11,8,11,3,"#NULL!","#NULL!",7,11,"#NULL!","#NULL!",-0.19,0.31,"#NULL!",48,58,"#NULL!",0,"#NULL!",3
"S163","s06-08",6,2,7,2,44,66,22,1,8,13,"#NULL!","#NULL!",8,13,5,6,13,"#NULL!","#NULL!",-0.58,1,"#NULL!","#NULL!",44,"#NULL!","#NULL!",66,0,62,5
"S164","s06-06",6,1,6,2,51,50,-1,2,"#NULL!","#NULL!",9,9,9,9,0,"#NULL!","#NULL!",8,8,"#NULL!","#NULL!",0.11,-0.5,"#NULL!",51,50,"#NULL!",0,62,0
"S165","s06-03",6,1,2,2,44,60,16,1,7,12,"#NULL!","#NULL!",7,12,5,6,11,"#NULL!","#NULL!",-0.58,0.5,"#NULL!","#NULL!",44,"#NULL!","#NULL!",60,0,"#NULL!",5
"S166","s06-04",6,1,5,2,36,58,22,2,"#NULL!","#NULL!",5,11,5,11,6,"#NULL!","#NULL!",3,11,"#NULL!","#NULL!",-1.39,0.31,"#NULL!",36,58,"#NULL!",0,62,6
"S167","s06-10",6,1,6,2,41,57,16,1,5,10,"#NULL!","#NULL!",5,10,5,5,10,"#NULL!","#NULL!",-0.86,0.25,"#NULL!","#NULL!",41,"#NULL!","#NULL!",57,0,62,5
"S168","s06-12",6,1,7,2,33,50,17,2,"#NULL!","#NULL!",4,8,4,8,4,"#NULL!","#NULL!",2,8,"#NULL!","#NULL!",-1.69,-0.5,"#NULL!",33,50,"#NULL!",0,"#NULL!",4
"S169","s06-05",6,1,2,2,36,47,11,2,"#NULL!","#NULL!",3,8,3,8,5,"#NULL!","#NULL!",3,7,"#NULL!","#NULL!",-1.39,-0.78,"#NULL!",36,47,"#NULL!",0,62,5
"S170","s06-09",6,2,2,2,51,53,2,2,"#NULL!","#NULL!",8,9,8,9,1,"#NULL!","#NULL!",8,9,"#NULL!","#NULL!",0.11,-0.23,"#NULL!",51,53,"#NULL!",0,62,1
"S171","s06-14",6,2,7,2,61,54,-7,1,13,9,"#NULL!","#NULL!",13,9,-4,12,9,"#NULL!","#NULL!",1.12,0,"#NULL!","#NULL!",61,"#NULL!","#NULL!",54,0,"#NULL!",-4
"S177","s07-09",7,2,6,4,36,45,9,1,3,6,"#NULL!","#NULL!",3,6,3,3,6,"#NULL!","#NULL!",-1.42,-0.74,"#NULL!","#NULL!",36,"#NULL!","#NULL!",45,0,62,3
"S178","s07-06",7,2,6,4,51,53,2,2,"#NULL!","#NULL!",8,9,8,9,1,"#NULL!","#NULL!",8,9,"#NULL!","#NULL!",0.11,-0.23,"#NULL!",51,53,"#NULL!",0,62,1
"S179","s07-01",7,2,4,4,44,45,1,1,6,6,"#NULL!","#NULL!",6,6,0,6,6,"#NULL!","#NULL!",-0.58,-0.74,"#NULL!","#NULL!",44,"#NULL!","#NULL!",45,0,"#NULL!",0
"S180","s07-11",7,2,3,4,48,50,2,2,"#NULL!","#NULL!",7,8,7,8,1,"#NULL!","#NULL!",7,8,"#NULL!","#NULL!",-0.19,-0.5,"#NULL!",48,50,"#NULL!",0,62,1
"S181","s07-08",7,2,7,4,53,48,-5,1,10,7,"#NULL!","#NULL!",10,7,-3,9,7,"#NULL!","#NULL!",0.27,-0.49,"#NULL!","#NULL!",53,"#NULL!","#NULL!",48,0,62,-3
"S182","s07-02",7,1,7,4,54,56,2,2,"#NULL!","#NULL!",11,10,11,10,-1,"#NULL!","#NULL!",9,10,"#NULL!","#NULL!",0.41,0.04,"#NULL!",54,56,"#NULL!",0,"#NULL!",-1
"S183","s07-03",7,1,7,4,47,60,13,1,7,11,"#NULL!","#NULL!",7,11,4,7,11,"#NULL!","#NULL!",-0.29,0.5,"#NULL!","#NULL!",47,"#NULL!","#NULL!",60,0,62,4
"S184","s07-05",7,2,3,4,42,47,5,2,"#NULL!","#NULL!",6,9,6,9,3,"#NULL!","#NULL!",5,7,"#NULL!","#NULL!",-0.79,-0.78,"#NULL!",42,47,"#NULL!",0,62,3
"S186","s07-07",7,2,1,4,48,41,-7,2,"#NULL!","#NULL!",7,5,7,5,-2,"#NULL!","#NULL!",7,5,"#NULL!","#NULL!",-0.19,-1.32,"#NULL!",48,41,"#NULL!",0,62,-2
"S187","s07-04",7,2,7,4,"#NULL!","#NULL!","#NULL!",1,"#NULL!","#NULL!","#NULL!","#NULL!","#NULL!","#NULL!","#NULL!","#NULL!","#NULL!","#NULL!","#NULL!","#NULL!","#NULL!","#NULL!","#NULL!","#NULL!","#NULL!","#NULL!","#NULL!",1,62,"#NULL!"
"S188","s07-10",7,1,3,4,"#NULL!","#NULL!","#NULL!",2,"#NULL!","#NULL!","#NULL!","#NULL!","#NULL!","#NULL!","#NULL!","#NULL!","#NULL!","#NULL!","#NULL!","#NULL!","#NULL!","#NULL!","#NULL!","#NULL!","#NULL!","#NULL!","#NULL!",1,"#NULL!","#NULL!"
"S189","s07-12",7,2,7,4,41,39,-2,1,5,5,"#NULL!","#NULL!",5,5,0,5,4,"#NULL!","#NULL!",-0.86,-1.24,"#NULL!","#NULL!",41,"#NULL!","#NULL!",39,0,61,0
"S194","s08-04",8,1,3,4,41,51,10,1,5,8,"#NULL!","#NULL!",5,8,3,5,8,"#NULL!","#NULL!",-0.86,-0.25,"#NULL!","#NULL!",41,"#NULL!","#NULL!",51,0,62,3
"S195","s08-05",8,1,3,4,51,44,-7,2,"#NULL!","#NULL!",8,6,8,6,-2,"#NULL!","#NULL!",8,6,"#NULL!","#NULL!",0.11,-1.05,"#NULL!",51,44,"#NULL!",0,62,-2
"S196","s08-11",8,1,7,4,36,45,9,1,3,6,"#NULL!","#NULL!",3,6,3,3,6,"#NULL!","#NULL!",-1.42,-0.74,"#NULL!","#NULL!",36,"#NULL!","#NULL!",45,0,"#NULL!",3
"S197","s08-03",8,1,6,4,36,44,8,2,"#NULL!","#NULL!",3,6,3,6,3,"#NULL!","#NULL!",3,6,"#NULL!","#NULL!",-1.39,-1.05,"#NULL!",36,44,"#NULL!",0,62,3
"S198","s08-02",8,2,7,4,44,48,4,1,6,9,"#NULL!","#NULL!",6,9,3,6,7,"#NULL!","#NULL!",-0.58,-0.49,"#NULL!","#NULL!",44,"#NULL!","#NULL!",48,0,62,3
"S199","s08-07",8,2,3,4,48,47,-1,2,"#NULL!","#NULL!",8,7,8,7,-1,"#NULL!","#NULL!",7,7,"#NULL!","#NULL!",-0.19,-0.78,"#NULL!",48,47,"#NULL!",0,"#NULL!",-1
"S200","s08-10",8,2,2,4,44,45,1,1,6,7,"#NULL!","#NULL!",6,7,1,6,6,"#NULL!","#NULL!",-0.58,-0.74,"#NULL!","#NULL!",44,"#NULL!","#NULL!",45,0,62,1
"S201","s08-01",8,2,7,4,36,41,5,2,"#NULL!","#NULL!",3,5,3,5,2,"#NULL!","#NULL!",3,5,"#NULL!","#NULL!",-1.39,-1.32,"#NULL!",36,41,"#NULL!",0,62,2
"S202","s08-06",8,1,3,4,39,42,3,1,4,5,"#NULL!","#NULL!",4,5,1,4,5,"#NULL!","#NULL!",-1.14,-0.99,"#NULL!","#NULL!",39,"#NULL!","#NULL!",42,0,"#NULL!",1
"S203","s08-09",8,2,3,4,33,30,-3,2,"#NULL!","#NULL!",3,2,3,2,-1,"#NULL!","#NULL!",2,1,"#NULL!","#NULL!",-1.69,-2.4,"#NULL!",33,30,"#NULL!",0,62,-1
"S204","s08-08",8,2,3,4,53,57,4,1,9,11,"#NULL!","#NULL!",9,11,2,9,10,"#NULL!","#NULL!",0.27,0.25,"#NULL!","#NULL!",53,"#NULL!","#NULL!",57,0,62,2
"S208","s09-01",9,1,2,2,47,45,-2,1,7,6,"#NULL!","#NULL!",7,6,-1,7,6,"#NULL!","#NULL!",-0.29,-0.74,"#NULL!","#NULL!",47,"#NULL!","#NULL!",45,0,28,-1
"S209","s09-02",9,1,8,2,48,58,10,2,"#NULL!","#NULL!",8,11,8,11,3,"#NULL!","#NULL!",7,11,"#NULL!","#NULL!",-0.19,0.31,"#NULL!",48,58,"#NULL!",0,62,3
"S210","s09-09",9,1,7,2,50,57,7,1,8,10,"#NULL!","#NULL!",8,10,2,8,10,"#NULL!","#NULL!",-0.01,0.25,"#NULL!","#NULL!",50,"#NULL!","#NULL!",57,0,"#NULL!",2
"S211","s09-12",9,1,6,2,42,44,2,2,"#NULL!","#NULL!",5,7,5,7,2,"#NULL!","#NULL!",5,6,"#NULL!","#NULL!",-0.79,-1.05,"#NULL!",42,44,"#NULL!",0,62,2
"S212","s09-08",9,1,5,2,58,57,-1,1,11,11,"#NULL!","#NULL!",11,11,0,11,10,"#NULL!","#NULL!",0.84,0.25,"#NULL!","#NULL!",58,"#NULL!","#NULL!",57,0,62,0
"S213","s09-16",9,1,6,2,45,53,8,2,"#NULL!","#NULL!",6,10,6,10,4,"#NULL!","#NULL!",6,9,"#NULL!","#NULL!",-0.49,-0.23,"#NULL!",45,53,"#NULL!",0,"#NULL!",4
"S214","s09-04",9,2,5,2,50,57,7,1,8,11,"#NULL!","#NULL!",8,11,3,8,10,"#NULL!","#NULL!",-0.01,0.25,"#NULL!","#NULL!",50,"#NULL!","#NULL!",57,0,62,3
"S215","s09-14",9,2,7,2,69,67,-2,2,"#NULL!","#NULL!",15,15,15,15,0,"#NULL!","#NULL!",14,14,"#NULL!","#NULL!",1.91,1.12,"#NULL!",69,67,"#NULL!",0,62,0
"S216","s09-03",9,2,7,2,64,78,14,1,13,17,"#NULL!","#NULL!",13,17,4,13,17,"#NULL!","#NULL!",1.4,1.99,"#NULL!","#NULL!",64,"#NULL!","#NULL!",78,0,"#NULL!",4
"S217","s09-06",9,1,6,2,51,56,5,2,"#NULL!","#NULL!",9,11,9,11,2,"#NULL!","#NULL!",8,10,"#NULL!","#NULL!",0.11,0.04,"#NULL!",51,56,"#NULL!",0,62,2
"S218","s09-05",9,2,7,2,61,69,8,1,12,15,"#NULL!","#NULL!",12,15,3,12,14,"#NULL!","#NULL!",1.12,1.25,"#NULL!","#NULL!",61,"#NULL!","#NULL!",69,0,62,3
"S219","s09-15",9,2,7,2,66,73,7,2,"#NULL!","#NULL!",14,16,14,16,2,"#NULL!","#NULL!",13,16,"#NULL!","#NULL!",1.61,1.66,"#NULL!",66,73,"#NULL!",0,"#NULL!",2
"S220","s09-10",9,2,7,2,64,69,5,1,14,14,"#NULL!","#NULL!",14,14,0,13,14,"#NULL!","#NULL!",1.4,1.25,"#NULL!","#NULL!",64,"#NULL!","#NULL!",69,0,62,0
"S221","s09-13",9,2,5,2,60,67,7,2,"#NULL!","#NULL!",11,14,11,14,3,"#NULL!","#NULL!",11,14,"#NULL!","#NULL!",1.01,1.12,"#NULL!",60,67,"#NULL!",0,62,3
"S222","s09-11",9,2,6,2,41,36,-5,1,5,4,"#NULL!","#NULL!",5,4,-1,5,3,"#NULL!","#NULL!",-0.86,-1.49,"#NULL!","#NULL!",41,"#NULL!","#NULL!",36,0,"#NULL!",-1
"S223","s09-07",9,1,7,2,54,61,7,2,"#NULL!","#NULL!",10,12,10,12,2,"#NULL!","#NULL!",9,12,"#NULL!","#NULL!",0.41,0.58,"#NULL!",54,61,"#NULL!",0,62,2
"S228","s10-12",10,2,7,2,47,51,4,1,7,8,"#NULL!","#NULL!",7,8,1,7,8,"#NULL!","#NULL!",-0.29,-0.25,"#NULL!","#NULL!",47,"#NULL!","#NULL!",51,0,62,1
"S229","s10-14",10,1,8,2,54,61,7,2,"#NULL!","#NULL!",9,12,9,12,3,"#NULL!","#NULL!",9,12,"#NULL!","#NULL!",0.41,0.58,"#NULL!",54,61,"#NULL!",0,62,3
"S230","s10-02",10,1,7,2,44,63,19,1,6,14,"#NULL!","#NULL!",6,14,8,6,12,"#NULL!","#NULL!",-0.58,0.75,"#NULL!","#NULL!",44,"#NULL!","#NULL!",63,0,"#NULL!",8
"S231","s10-10",10,1,6,2,57,76,19,2,"#NULL!","#NULL!",10,17,10,17,7,"#NULL!","#NULL!",10,17,"#NULL!","#NULL!",0.71,1.93,"#NULL!",57,76,"#NULL!",0,62,7
"S232","s10-03",10,1,7,2,44,72,28,1,6,15,"#NULL!","#NULL!",6,15,9,6,15,"#NULL!","#NULL!",-0.58,1.49,"#NULL!","#NULL!",44,"#NULL!","#NULL!",72,0,62,9
"S233","s10-04",10,1,6,2,57,61,4,2,"#NULL!","#NULL!",10,12,10,12,2,"#NULL!","#NULL!",10,12,"#NULL!","#NULL!",0.71,0.58,"#NULL!",57,61,"#NULL!",0,"#NULL!",2
"S234","s10-09",10,2,7,2,50,45,-5,1,8,7,"#NULL!","#NULL!",8,7,-1,8,6,"#NULL!","#NULL!",-0.01,-0.74,"#NULL!","#NULL!",50,"#NULL!","#NULL!",45,0,62,-1
"S235","s10-06",10,1,7,2,54,61,7,2,"#NULL!","#NULL!",9,12,9,12,3,"#NULL!","#NULL!",9,12,"#NULL!","#NULL!",0.41,0.58,"#NULL!",54,61,"#NULL!",0,62,3
"S236","s10-05",10,1,7,2,58,45,-13,1,11,7,"#NULL!","#NULL!",11,7,-4,11,6,"#NULL!","#NULL!",0.84,-0.74,"#NULL!","#NULL!",58,"#NULL!","#NULL!",45,0,"#NULL!",-4
"S237","s10-16",10,2,3,2,42,64,22,2,"#NULL!","#NULL!",6,14,6,14,8,"#NULL!","#NULL!",5,13,"#NULL!","#NULL!",-0.79,0.85,"#NULL!",42,64,"#NULL!",0,49,8
"S238","s10-13",10,1,2,2,47,60,13,1,9,11,"#NULL!","#NULL!",9,11,2,7,11,"#NULL!","#NULL!",-0.29,0.5,"#NULL!","#NULL!",47,"#NULL!","#NULL!",60,0,62,2
"S239","s10-08",10,2,7,2,54,56,2,2,"#NULL!","#NULL!",9,10,9,10,1,"#NULL!","#NULL!",9,10,"#NULL!","#NULL!",0.41,0.04,"#NULL!",54,56,"#NULL!",0,"#NULL!",1
"S240","s10-07",10,1,6,2,50,60,10,1,9,11,"#NULL!","#NULL!",9,11,2,8,11,"#NULL!","#NULL!",-0.01,0.5,"#NULL!","#NULL!",50,"#NULL!","#NULL!",60,0,62,2
"S241","s10-01",10,1,8,2,27,53,26,2,"#NULL!","#NULL!",0,9,0,9,9,"#NULL!","#NULL!",0,9,"#NULL!","#NULL!",-2.29,-0.23,"#NULL!",27,53,"#NULL!",0,62,9
"S242","s10-15",10,1,6,2,44,54,10,1,6,9,"#NULL!","#NULL!",6,9,3,6,9,"#NULL!","#NULL!",-0.58,0,"#NULL!","#NULL!",44,"#NULL!","#NULL!",54,0,"#NULL!",3
"S243","s10-11",10,1,7,2,60,64,4,2,"#NULL!","#NULL!",11,13,11,13,2,"#NULL!","#NULL!",11,13,"#NULL!","#NULL!",1.01,0.85,"#NULL!",60,64,"#NULL!",0,62,2
"S249","s11-04",11,2,7,2,41,54,13,1,5,9,"#NULL!","#NULL!",5,9,4,5,9,"#NULL!","#NULL!",-0.86,0,"#NULL!","#NULL!",41,"#NULL!","#NULL!",54,0,62,4
"S250","s11-13",11,1,7,2,57,53,-4,2,"#NULL!","#NULL!",10,9,10,9,-1,"#NULL!","#NULL!",10,9,"#NULL!","#NULL!",0.71,-0.23,"#NULL!",57,53,"#NULL!",0,62,-1
"S251","s11-12",11,2,7,2,41,51,10,1,6,8,"#NULL!","#NULL!",6,8,2,5,8,"#NULL!","#NULL!",-0.86,-0.25,"#NULL!","#NULL!",41,"#NULL!","#NULL!",51,0,"#NULL!",2
"S252","s11-07",11,1,7,2,51,47,-4,2,"#NULL!","#NULL!",8,7,8,7,-1,"#NULL!","#NULL!",8,7,"#NULL!","#NULL!",0.11,-0.78,"#NULL!",51,47,"#NULL!",0,62,-1
"S253","s11-05",11,2,3,2,53,63,10,1,10,12,"#NULL!","#NULL!",10,12,2,9,12,"#NULL!","#NULL!",0.27,0.75,"#NULL!","#NULL!",53,"#NULL!","#NULL!",63,0,62,2
"S254","s11-09",11,2,1,2,69,73,4,2,"#NULL!","#NULL!",14,17,14,17,3,"#NULL!","#NULL!",14,16,"#NULL!","#NULL!",1.91,1.66,"#NULL!",69,73,"#NULL!",0,"#NULL!",3
"S255","s11-08",11,1,6,2,50,60,10,1,8,11,"#NULL!","#NULL!",8,11,3,8,11,"#NULL!","#NULL!",-0.01,0.5,"#NULL!","#NULL!",50,"#NULL!","#NULL!",60,0,62,3
"S256","s11-15",11,1,8,2,36,36,0,2,"#NULL!","#NULL!",4,4,4,4,0,"#NULL!","#NULL!",3,3,"#NULL!","#NULL!",-1.39,-1.86,"#NULL!",36,36,"#NULL!",0,62,0
"S257","s11-02",11,1,7,2,61,57,-4,1,12,11,"#NULL!","#NULL!",12,11,-1,12,10,"#NULL!","#NULL!",1.12,0.25,"#NULL!","#NULL!",61,"#NULL!","#NULL!",57,0,"#NULL!",-1
"S258","s11-03",11,1,7,2,54,56,2,2,"#NULL!","#NULL!",10,10,10,10,0,"#NULL!","#NULL!",9,10,"#NULL!","#NULL!",0.41,0.04,"#NULL!",54,56,"#NULL!",0,62,0
"S259","s11-14",11,2,2,2,61,78,17,1,12,19,"#NULL!","#NULL!",12,19,7,12,17,"#NULL!","#NULL!",1.12,1.99,"#NULL!","#NULL!",61,"#NULL!","#NULL!",78,0,62,7
"S260","s11-01",11,1,7,2,57,64,7,2,"#NULL!","#NULL!",12,13,12,13,1,"#NULL!","#NULL!",10,13,"#NULL!","#NULL!",0.71,0.85,"#NULL!",57,64,"#NULL!",0,"#NULL!",1
"S261","s11-10",11,1,7,2,53,45,-8,1,9,6,"#NULL!","#NULL!",9,6,-3,9,6,"#NULL!","#NULL!",0.27,-0.74,"#NULL!","#NULL!",53,"#NULL!","#NULL!",45,0,62,-3
"S262","s11-11",11,1,7,2,51,56,5,2,"#NULL!","#NULL!",9,10,9,10,1,"#NULL!","#NULL!",8,10,"#NULL!","#NULL!",0.11,0.04,"#NULL!",51,56,"#NULL!",0,62,1
"S263","s11-06",11,2,2,2,58,54,-4,1,11,9,"#NULL!","#NULL!",11,9,-2,11,9,"#NULL!","#NULL!",0.84,0,"#NULL!","#NULL!",58,"#NULL!","#NULL!",54,0,"#NULL!",-2
"S269","s12-13",12,2,6,6,36,39,3,1,3,4,"#NULL!","#NULL!",3,4,1,3,4,"#NULL!","#NULL!",-1.42,-1.24,"#NULL!","#NULL!",36,"#NULL!","#NULL!",39,0,38,1
"S270","s12-12",12,1,6,6,27,39,12,2,"#NULL!","#NULL!",0,4,0,4,4,"#NULL!","#NULL!",0,4,"#NULL!","#NULL!",-2.29,-1.59,"#NULL!",27,39,"#NULL!",0,34,4
"S271","s12-16",12,1,6,6,33,36,3,1,2,3,"#NULL!","#NULL!",2,3,1,2,3,"#NULL!","#NULL!",-1.71,-1.49,"#NULL!","#NULL!",33,"#NULL!","#NULL!",36,0,"#NULL!",1
"S272","s12-05",12,2,6,6,30,44,14,2,"#NULL!","#NULL!",1,7,1,7,6,"#NULL!","#NULL!",1,6,"#NULL!","#NULL!",-1.99,-1.05,"#NULL!",30,44,"#NULL!",0,30,6
"S273","s12-03",12,2,6,6,33,39,6,1,2,4,"#NULL!","#NULL!",2,4,2,2,4,"#NULL!","#NULL!",-1.71,-1.24,"#NULL!","#NULL!",33,"#NULL!","#NULL!",39,0,62,2
"S274","s12-06",12,1,6,6,36,39,3,2,"#NULL!","#NULL!",3,5,3,5,2,"#NULL!","#NULL!",3,4,"#NULL!","#NULL!",-1.39,-1.59,"#NULL!",36,39,"#NULL!",0,"#NULL!",2
"S275","s12-09",12,2,4,6,27,33,6,1,0,2,"#NULL!","#NULL!",0,2,2,0,2,"#NULL!","#NULL!",-2.27,-1.74,"#NULL!","#NULL!",27,"#NULL!","#NULL!",33,0,38,2
"S276","s12-08",12,1,6,6,36,41,5,2,"#NULL!","#NULL!",3,5,3,5,2,"#NULL!","#NULL!",3,5,"#NULL!","#NULL!",-1.39,-1.32,"#NULL!",36,41,"#NULL!",0,29,2
"S277","s12-17",12,1,6,6,39,51,12,1,4,9,"#NULL!","#NULL!",4,9,5,4,8,"#NULL!","#NULL!",-1.14,-0.25,"#NULL!","#NULL!",39,"#NULL!","#NULL!",51,0,"#NULL!",5
"S278","s12-14",12,1,2,6,48,44,-4,2,"#NULL!","#NULL!",8,7,8,7,-1,"#NULL!","#NULL!",7,6,"#NULL!","#NULL!",-0.19,-1.05,"#NULL!",48,44,"#NULL!",0,62,-1
"S279","s12-15",12,2,6,6,27,42,15,1,0,6,"#NULL!","#NULL!",0,6,6,0,5,"#NULL!","#NULL!",-2.27,-0.99,"#NULL!","#NULL!",27,"#NULL!","#NULL!",42,0,20,6
"S280","s12-10",12,2,6,6,30,47,17,2,"#NULL!","#NULL!",1,7,1,7,6,"#NULL!","#NULL!",1,7,"#NULL!","#NULL!",-1.99,-0.78,"#NULL!",30,47,"#NULL!",0,"#NULL!",6
"S281","s12-07",12,1,4,6,33,42,9,1,2,7,"#NULL!","#NULL!",2,7,5,2,5,"#NULL!","#NULL!",-1.71,-0.99,"#NULL!","#NULL!",33,"#NULL!","#NULL!",42,0,39,5
"S282","s12-11",12,2,6,6,33,39,6,2,"#NULL!","#NULL!",2,4,2,4,2,"#NULL!","#NULL!",2,4,"#NULL!","#NULL!",-1.69,-1.59,"#NULL!",33,39,"#NULL!",0,30,2
"S283","s12-02",12,1,6,6,41,48,7,1,5,8,"#NULL!","#NULL!",5,8,3,5,7,"#NULL!","#NULL!",-0.86,-0.49,"#NULL!","#NULL!",41,"#NULL!","#NULL!",48,0,"#NULL!",3
"S284","s12-01",12,2,4,6,36,39,3,2,"#NULL!","#NULL!",3,4,3,4,1,"#NULL!","#NULL!",3,4,"#NULL!","#NULL!",-1.39,-1.59,"#NULL!",36,39,"#NULL!",0,62,1
"S285","s12-04",12,2,2,6,50,45,-5,1,9,6,"#NULL!","#NULL!",9,6,-3,8,6,"#NULL!","#NULL!",-0.01,-0.74,"#NULL!","#NULL!",50,"#NULL!","#NULL!",45,0,62,-3
"S291","s13-06",13,1,"#NULL!",5,47,33,-14,1,7,2,"#NULL!","#NULL!",7,2,-5,7,2,"#NULL!","#NULL!",-0.29,-1.74,"#NULL!","#NULL!",47,"#NULL!","#NULL!",33,0,62,-5
"S292","s13-09",13,2,6,5,39,47,8,2,"#NULL!","#NULL!",4,8,4,8,4,"#NULL!","#NULL!",4,7,"#NULL!","#NULL!",-1.09,-0.78,"#NULL!",39,47,"#NULL!",0,62,4
"S293","s13-18",13,2,6,3,41,39,-2,1,6,4,"#NULL!","#NULL!",6,4,-2,5,4,"#NULL!","#NULL!",-0.86,-1.24,"#NULL!","#NULL!",41,"#NULL!","#NULL!",39,0,"#NULL!",-2
"S294","s13-13",13,2,6,3,57,50,-7,2,"#NULL!","#NULL!",10,9,10,9,-1,"#NULL!","#NULL!",10,8,"#NULL!","#NULL!",0.71,-0.5,"#NULL!",57,50,"#NULL!",0,62,-1
"S295","s13-14",13,2,6,3,41,51,10,1,6,8,"#NULL!","#NULL!",6,8,2,5,8,"#NULL!","#NULL!",-0.86,-0.25,"#NULL!","#NULL!",41,"#NULL!","#NULL!",51,0,62,2
"S296","s13-08",13,2,3,3,48,39,-9,2,"#NULL!","#NULL!",7,4,7,4,-3,"#NULL!","#NULL!",7,4,"#NULL!","#NULL!",-0.19,-1.59,"#NULL!",48,39,"#NULL!",0,"#NULL!",-3
"S297","s13-07",13,1,3,3,44,51,7,1,6,8,"#NULL!","#NULL!",6,8,2,6,8,"#NULL!","#NULL!",-0.58,-0.25,"#NULL!","#NULL!",44,"#NULL!","#NULL!",51,0,62,2
"S298","s13-01",13,1,3,3,48,50,2,2,"#NULL!","#NULL!",7,9,7,9,2,"#NULL!","#NULL!",7,8,"#NULL!","#NULL!",-0.19,-0.5,"#NULL!",48,50,"#NULL!",0,40,2
"S299","s13-03",13,2,3,3,47,33,-14,1,8,2,"#NULL!","#NULL!",8,2,-6,7,2,"#NULL!","#NULL!",-0.29,-1.74,"#NULL!","#NULL!",47,"#NULL!","#NULL!",33,0,"#NULL!",-6
"S300","s13-17",13,1,3,3,54,41,-13,2,"#NULL!","#NULL!",9,5,9,5,-4,"#NULL!","#NULL!",9,5,"#NULL!","#NULL!",0.41,-1.32,"#NULL!",54,41,"#NULL!",0,62,-4
"S301","s13-11",13,2,3,3,53,48,-5,1,9,7,"#NULL!","#NULL!",9,7,-2,9,7,"#NULL!","#NULL!",0.27,-0.49,"#NULL!","#NULL!",53,"#NULL!","#NULL!",48,0,61,-2
"S302","s13-04",13,1,5,3,45,50,5,2,"#NULL!","#NULL!",7,8,7,8,1,"#NULL!","#NULL!",6,8,"#NULL!","#NULL!",-0.49,-0.5,"#NULL!",45,50,"#NULL!",0,"#NULL!",1
"S303","s13-15",13,1,3,3,44,57,13,1,6,12,"#NULL!","#NULL!",6,12,6,6,10,"#NULL!","#NULL!",-0.58,0.25,"#NULL!","#NULL!",44,"#NULL!","#NULL!",57,0,45,6
"S304","s13-10",13,2,3,3,39,58,19,2,"#NULL!","#NULL!",4,11,4,11,7,"#NULL!","#NULL!",4,11,"#NULL!","#NULL!",-1.09,0.31,"#NULL!",39,58,"#NULL!",0,30,7
"S305","s13-12",13,1,6,3,53,60,7,1,10,11,"#NULL!","#NULL!",10,11,1,9,11,"#NULL!","#NULL!",0.27,0.5,"#NULL!","#NULL!",53,"#NULL!","#NULL!",60,0,"#NULL!",1
"S306","s13-16",13,2,8,3,54,53,-1,2,"#NULL!","#NULL!",9,10,9,10,1,"#NULL!","#NULL!",9,9,"#NULL!","#NULL!",0.41,-0.23,"#NULL!",54,53,"#NULL!",0,44,1
"S307","s13-05",13,1,3,5,44,57,13,1,6,12,"#NULL!","#NULL!",6,12,6,6,10,"#NULL!","#NULL!",-0.58,0.25,"#NULL!","#NULL!",44,"#NULL!","#NULL!",57,0,61,6
"S308","s13-02",13,2,6,5,42,36,-6,2,"#NULL!","#NULL!",6,5,6,5,-1,"#NULL!","#NULL!",5,3,"#NULL!","#NULL!",-0.79,-1.86,"#NULL!",42,36,"#NULL!",0,"#NULL!",-1
"S315","s14-06",14,1,7,5,53,36,-17,1,10,4,"#NULL!","#NULL!",10,4,-6,9,3,"#NULL!","#NULL!",0.27,-1.49,"#NULL!","#NULL!",53,"#NULL!","#NULL!",36,0,62,-6
"S316","s14-01",14,1,1,3,45,61,16,2,"#NULL!","#NULL!",6,12,6,12,6,"#NULL!","#NULL!",6,12,"#NULL!","#NULL!",-0.49,0.58,"#NULL!",45,61,"#NULL!",0,20,6
"S317","s14-03",14,1,7,3,47,60,13,1,7,11,"#NULL!","#NULL!",7,11,4,7,11,"#NULL!","#NULL!",-0.29,0.5,"#NULL!","#NULL!",47,"#NULL!","#NULL!",60,0,"#NULL!",4
"S318","s14-04",14,1,7,3,45,53,8,2,"#NULL!","#NULL!",7,9,7,9,2,"#NULL!","#NULL!",6,9,"#NULL!","#NULL!",-0.49,-0.23,"#NULL!",45,53,"#NULL!",0,62,2
"S319","s14-02",14,2,7,3,44,45,1,1,6,7,"#NULL!","#NULL!",6,7,1,6,6,"#NULL!","#NULL!",-0.58,-0.74,"#NULL!","#NULL!",44,"#NULL!","#NULL!",45,0,62,1
"S320","s14-05",14,1,2,3,51,56,5,2,"#NULL!","#NULL!",8,10,8,10,2,"#NULL!","#NULL!",8,10,"#NULL!","#NULL!",0.11,0.04,"#NULL!",51,56,"#NULL!",0,"#NULL!",2
"S323","s15-06",15,2,7,2,53,69,16,1,9,15,"#NULL!","#NULL!",9,15,6,9,14,"#NULL!","#NULL!",0.27,1.25,"#NULL!","#NULL!",53,"#NULL!","#NULL!",69,0,62,6
"S324","s15-02",15,2,8,2,48,50,2,2,"#NULL!","#NULL!",7,8,7,8,1,"#NULL!","#NULL!",7,8,"#NULL!","#NULL!",-0.19,-0.5,"#NULL!",48,50,"#NULL!",0,62,1
"S325","s15-03",15,2,7,2,56,72,16,1,11,15,"#NULL!","#NULL!",11,15,4,10,15,"#NULL!","#NULL!",0.55,1.49,"#NULL!","#NULL!",56,"#NULL!","#NULL!",72,0,"#NULL!",4
"S326","s15-12",15,2,6,2,57,67,10,2,"#NULL!","#NULL!",11,14,11,14,3,"#NULL!","#NULL!",10,14,"#NULL!","#NULL!",0.71,1.12,"#NULL!",57,67,"#NULL!",0,24,3
"S327","s15-05",15,1,6,2,36,48,12,1,4,7,"#NULL!","#NULL!",4,7,3,3,7,"#NULL!","#NULL!",-1.42,-0.49,"#NULL!","#NULL!",36,"#NULL!","#NULL!",48,0,56,3
"S328","s15-04",15,1,3,2,60,50,-10,2,"#NULL!","#NULL!",11,9,11,9,-2,"#NULL!","#NULL!",11,8,"#NULL!","#NULL!",1.01,-0.5,"#NULL!",60,50,"#NULL!",0,"#NULL!",-2
"S329","s15-11",15,2,7,2,47,33,-14,1,7,2,"#NULL!","#NULL!",7,2,-5,7,2,"#NULL!","#NULL!",-0.29,-1.74,"#NULL!","#NULL!",47,"#NULL!","#NULL!",33,0,62,-5
"S330","s15-16",15,2,6,2,54,61,7,2,"#NULL!","#NULL!",10,12,10,12,2,"#NULL!","#NULL!",9,12,"#NULL!","#NULL!",0.41,0.58,"#NULL!",54,61,"#NULL!",0,62,2
"S331","s15-10",15,2,6,2,53,42,-11,1,9,6,"#NULL!","#NULL!",9,6,-3,9,5,"#NULL!","#NULL!",0.27,-0.99,"#NULL!","#NULL!",53,"#NULL!","#NULL!",42,0,"#NULL!",-3
"S332","s15-09",15,1,7,2,54,67,13,2,"#NULL!","#NULL!",10,15,10,15,5,"#NULL!","#NULL!",9,14,"#NULL!","#NULL!",0.41,1.12,"#NULL!",54,67,"#NULL!",0,62,5
"S333","s15-08",15,1,7,2,67,75,8,1,14,17,"#NULL!","#NULL!",14,17,3,14,16,"#NULL!","#NULL!",1.68,1.74,"#NULL!","#NULL!",67,"#NULL!","#NULL!",75,0,59,3
"S334","s15-01",15,1,7,2,45,64,19,2,"#NULL!","#NULL!",7,13,7,13,6,"#NULL!","#NULL!",6,13,"#NULL!","#NULL!",-0.49,0.85,"#NULL!",45,64,"#NULL!",0,"#NULL!",6
"S335","s15-14",15,2,2,2,61,66,5,1,12,13,"#NULL!","#NULL!",12,13,1,12,13,"#NULL!","#NULL!",1.12,1,"#NULL!","#NULL!",61,"#NULL!","#NULL!",66,0,62,1
"S336","s15-07",15,2,2,5,39,47,8,2,"#NULL!","#NULL!",5,7,5,7,2,"#NULL!","#NULL!",4,7,"#NULL!","#NULL!",-1.09,-0.78,"#NULL!",39,47,"#NULL!",0,62,2
"S337","s15-15",15,2,6,5,44,51,7,1,6,8,"#NULL!","#NULL!",6,8,2,6,8,"#NULL!","#NULL!",-0.58,-0.25,"#NULL!","#NULL!",44,"#NULL!","#NULL!",51,0,"#NULL!",2
"S338","s15-13",15,1,6,2,51,58,7,2,"#NULL!","#NULL!",8,11,8,11,3,"#NULL!","#NULL!",8,11,"#NULL!","#NULL!",0.11,0.31,"#NULL!",51,58,"#NULL!",0,58,3
"S069","#NULL!",1,2,7,2,50,63,13,1,8,12,"#NULL!","#NULL!",8,12,4,8,12,"#NULL!","#NULL!",-0.01,0.75,"#NULL!","#NULL!",50,"#NULL!","#NULL!",63,0,"#NULL!",4
"S070","#NULL!",1,1,2,2,42,56,14,2,"#NULL!","#NULL!",5,11,5,11,6,"#NULL!","#NULL!",5,10,"#NULL!","#NULL!",-0.79,0.04,"#NULL!",42,56,"#NULL!",0,"#NULL!",6
"S071","#NULL!",1,1,7,2,64,60,-4,1,14,13,"#NULL!","#NULL!",14,13,-1,13,11,"#NULL!","#NULL!",1.4,0.5,"#NULL!","#NULL!",64,"#NULL!","#NULL!",60,0,"#NULL!",-1
"S072","#NULL!",1,1,7,2,51,61,10,2,"#NULL!","#NULL!",9,12,9,12,3,"#NULL!","#NULL!",8,12,"#NULL!","#NULL!",0.11,0.58,"#NULL!",51,61,"#NULL!",0,"#NULL!",3
"S073","#NULL!",1,2,3,2,42,56,14,2,"#NULL!","#NULL!",5,10,5,10,5,"#NULL!","#NULL!",5,10,"#NULL!","#NULL!",-0.79,0.04,"#NULL!",42,56,"#NULL!",0,"#NULL!",5
"S092","#NULL!",2,1,6,2,51,61,10,2,"#NULL!","#NULL!",8,12,8,12,4,"#NULL!","#NULL!",8,12,"#NULL!","#NULL!",0.11,0.58,"#NULL!",51,61,"#NULL!",0,"#NULL!",4
"S093","#NULL!",2,2,7,2,53,48,-5,1,9,8,"#NULL!","#NULL!",9,8,-1,9,7,"#NULL!","#NULL!",0.27,-0.49,"#NULL!","#NULL!",53,"#NULL!","#NULL!",48,0,"#NULL!",-1
"S094","#NULL!",2,2,7,2,50,51,1,1,9,8,"#NULL!","#NULL!",9,8,-1,8,8,"#NULL!","#NULL!",-0.01,-0.25,"#NULL!","#NULL!",50,"#NULL!","#NULL!",51,0,"#NULL!",-1
"S095","#NULL!",2,2,8,2,47,60,13,1,7,11,"#NULL!","#NULL!",7,11,4,7,11,"#NULL!","#NULL!",-0.29,0.5,"#NULL!","#NULL!",47,"#NULL!","#NULL!",60,0,"#NULL!",4
"S096","#NULL!",2,2,7,2,67,72,5,1,14,15,"#NULL!","#NULL!",14,15,1,14,15,"#NULL!","#NULL!",1.68,1.49,"#NULL!","#NULL!",67,"#NULL!","#NULL!",72,0,"#NULL!",1
"S115","#NULL!",3,1,8,2,69,58,-11,2,"#NULL!","#NULL!",14,11,14,11,-3,"#NULL!","#NULL!",14,11,"#NULL!","#NULL!",1.91,0.31,"#NULL!",69,58,"#NULL!",0,"#NULL!",-3
"S116","#NULL!",3,2,5,2,54,56,2,2,"#NULL!","#NULL!",9,11,9,11,2,"#NULL!","#NULL!",9,10,"#NULL!","#NULL!",0.41,0.04,"#NULL!",54,56,"#NULL!",0,"#NULL!",2
"S117","#NULL!",3,2,6,2,45,56,11,2,"#NULL!","#NULL!",6,11,6,11,5,"#NULL!","#NULL!",6,10,"#NULL!","#NULL!",-0.49,0.04,"#NULL!",45,56,"#NULL!",0,"#NULL!",5
"S118","#NULL!",3,2,6,2,50,51,1,1,9,9,"#NULL!","#NULL!",9,9,0,8,8,"#NULL!","#NULL!",-0.01,-0.25,"#NULL!","#NULL!",50,"#NULL!","#NULL!",51,0,"#NULL!",0
"S137","#NULL!",4,2,7,1,67,78,11,1,14,18,"#NULL!","#NULL!",14,18,4,14,17,"#NULL!","#NULL!",1.68,1.99,"#NULL!","#NULL!",67,"#NULL!","#NULL!",78,0,"#NULL!",4
"S138","#NULL!",4,2,8,1,51,53,2,2,"#NULL!","#NULL!",8,9,8,9,1,"#NULL!","#NULL!",8,9,"#NULL!","#NULL!",0.11,-0.23,"#NULL!",51,53,"#NULL!",0,"#NULL!",1
"S139","#NULL!",4,2,8,1,61,72,11,1,13,15,"#NULL!","#NULL!",13,15,2,12,15,"#NULL!","#NULL!",1.12,1.49,"#NULL!","#NULL!",61,"#NULL!","#NULL!",72,0,"#NULL!",2
"S172","#NULL!",6,2,2,2,64,42,-22,1,13,5,"#NULL!","#NULL!",13,5,-8,13,5,"#NULL!","#NULL!",1.4,-0.99,"#NULL!","#NULL!",64,"#NULL!","#NULL!",42,1,"#NULL!",-8
"S173","#NULL!",6,1,6,2,42,41,-1,2,"#NULL!","#NULL!",5,6,5,6,1,"#NULL!","#NULL!",5,5,"#NULL!","#NULL!",-0.79,-1.32,"#NULL!",42,41,"#NULL!",0,"#NULL!",1
"S174","#NULL!",6,2,7,2,50,51,1,1,8,9,"#NULL!","#NULL!",8,9,1,8,8,"#NULL!","#NULL!",-0.01,-0.25,"#NULL!","#NULL!",50,"#NULL!","#NULL!",51,0,"#NULL!",1
"S175","#NULL!",6,2,7,2,50,48,-2,1,9,8,"#NULL!","#NULL!",9,8,-1,8,7,"#NULL!","#NULL!",-0.01,-0.49,"#NULL!","#NULL!",50,"#NULL!","#NULL!",48,0,"#NULL!",-1
"S176","#NULL!",6,2,7,2,54,41,-13,2,"#NULL!","#NULL!",9,6,9,6,-3,"#NULL!","#NULL!",9,5,"#NULL!","#NULL!",0.41,-1.32,"#NULL!",54,41,"#NULL!",0,"#NULL!",-3
"S190","#NULL!",7,2,3,4,44,45,1,2,6,6,"#NULL!","#NULL!",6,6,0,6,6,"#NULL!","#NULL!",-0.58,-0.74,"#NULL!","#NULL!",44,"#NULL!","#NULL!",45,0,"#NULL!",0
"S191","#NULL!",7,2,3,4,54,44,-10,1,"#NULL!","#NULL!",9,6,9,6,-3,"#NULL!","#NULL!",9,6,"#NULL!","#NULL!",0.41,-1.05,"#NULL!",54,44,"#NULL!",0,"#NULL!",-3
"S192","#NULL!",7,2,7,4,44,36,-8,2,6,3,"#NULL!","#NULL!",6,3,-3,6,3,"#NULL!","#NULL!",-0.58,-1.49,"#NULL!","#NULL!",44,"#NULL!","#NULL!",36,0,"#NULL!",-3
"S193","#NULL!",7,2,3,4,54,61,7,1,"#NULL!","#NULL!",10,13,10,13,3,"#NULL!","#NULL!",9,12,"#NULL!","#NULL!",0.41,0.58,"#NULL!",54,61,"#NULL!",0,"#NULL!",3
"S205","#NULL!",8,1,7,4,56,45,-11,1,10,6,"#NULL!","#NULL!",10,6,-4,10,6,"#NULL!","#NULL!",0.55,-0.74,"#NULL!","#NULL!",56,"#NULL!","#NULL!",45,0,"#NULL!",-4
"S206","#NULL!",8,1,3,4,51,53,2,2,"#NULL!","#NULL!",9,9,9,9,0,"#NULL!","#NULL!",8,9,"#NULL!","#NULL!",0.11,-0.23,"#NULL!",51,53,"#NULL!",0,"#NULL!",0
"S207","#NULL!",8,1,3,4,61,45,-16,1,12,6,"#NULL!","#NULL!",12,6,-6,12,6,"#NULL!","#NULL!",1.12,-0.74,"#NULL!","#NULL!",61,"#NULL!","#NULL!",45,0,"#NULL!",-6
"S224","#NULL!",9,2,8,2,47,54,7,1,7,9,"#NULL!","#NULL!",7,9,2,7,9,"#NULL!","#NULL!",-0.29,0,"#NULL!","#NULL!",47,"#NULL!","#NULL!",54,0,"#NULL!",2
"S225","#NULL!",9,2,6,2,36,56,20,2,"#NULL!","#NULL!",3,10,3,10,7,"#NULL!","#NULL!",3,10,"#NULL!","#NULL!",-1.39,0.04,"#NULL!",36,56,"#NULL!",0,"#NULL!",7
"S226","#NULL!",9,2,7,2,64,66,2,1,13,13,"#NULL!","#NULL!",13,13,0,13,13,"#NULL!","#NULL!",1.4,1,"#NULL!","#NULL!",64,"#NULL!","#NULL!",66,0,"#NULL!",0
"S227","#NULL!",9,1,5,2,42,53,11,2,"#NULL!","#NULL!",6,10,6,10,4,"#NULL!","#NULL!",5,9,"#NULL!","#NULL!",-0.79,-0.23,"#NULL!",42,53,"#NULL!",0,"#NULL!",4
"S244","#NULL!",10,1,7,2,70,57,-13,1,15,11,"#NULL!","#NULL!",15,11,-4,15,10,"#NULL!","#NULL!",1.97,0.25,"#NULL!","#NULL!",70,"#NULL!","#NULL!",57,0,"#NULL!",-4
"S245","#NULL!",10,1,8,2,72,78,6,2,"#NULL!","#NULL!",15,18,15,18,3,"#NULL!","#NULL!",15,18,"#NULL!","#NULL!",2.21,2.2,"#NULL!",72,78,"#NULL!",0,"#NULL!",3
"S246","#NULL!",10,1,7,2,41,45,4,1,5,7,"#NULL!","#NULL!",5,7,2,5,6,"#NULL!","#NULL!",-0.86,-0.74,"#NULL!","#NULL!",41,"#NULL!","#NULL!",45,0,"#NULL!",2
"S247","#NULL!",10,2,3,2,45,41,-4,2,"#NULL!","#NULL!",6,5,6,5,-1,"#NULL!","#NULL!",6,5,"#NULL!","#NULL!",-0.49,-1.32,"#NULL!",45,41,"#NULL!",0,"#NULL!",-1
"S248","#NULL!",10,1,6,2,47,48,1,1,7,7,"#NULL!","#NULL!",7,7,0,7,7,"#NULL!","#NULL!",-0.29,-0.49,"#NULL!","#NULL!",47,"#NULL!","#NULL!",48,0,"#NULL!",0
"S264","#NULL!",11,1,7,2,58,54,-4,1,11,9,"#NULL!","#NULL!",11,9,-2,11,9,"#NULL!","#NULL!",0.84,0,"#NULL!","#NULL!",58,"#NULL!","#NULL!",54,0,"#NULL!",-2
"S265","#NULL!",11,1,7,2,54,61,7,2,"#NULL!","#NULL!",9,12,9,12,3,"#NULL!","#NULL!",9,12,"#NULL!","#NULL!",0.41,0.58,"#NULL!",54,61,"#NULL!",0,"#NULL!",3
"S266","#NULL!",11,2,7,2,50,51,1,1,9,9,"#NULL!","#NULL!",9,9,0,8,8,"#NULL!","#NULL!",-0.01,-0.25,"#NULL!","#NULL!",50,"#NULL!","#NULL!",51,0,"#NULL!",0
"S267","#NULL!",11,2,7,2,63,76,13,2,"#NULL!","#NULL!",12,17,12,17,5,"#NULL!","#NULL!",12,17,"#NULL!","#NULL!",1.31,1.93,"#NULL!",63,76,"#NULL!",0,"#NULL!",5
"S268","#NULL!",11,2,7,2,58,72,14,1,11,15,"#NULL!","#NULL!",11,15,4,11,15,"#NULL!","#NULL!",0.84,1.49,"#NULL!","#NULL!",58,"#NULL!","#NULL!",72,0,"#NULL!",4
"S286","#NULL!",12,2,6,6,27,27,0,2,0,1,"#NULL!","#NULL!",0,1,1,0,0,"#NULL!","#NULL!",-2.27,-2.23,"#NULL!","#NULL!",27,"#NULL!","#NULL!",27,0,"#NULL!",1
"S287","#NULL!",12,1,6,6,30,36,6,1,"#NULL!","#NULL!",1,3,1,3,2,"#NULL!","#NULL!",1,3,"#NULL!","#NULL!",-1.99,-1.86,"#NULL!",30,36,"#NULL!",0,"#NULL!",2
"S288","#NULL!",12,2,"#NULL!",6,27,45,18,2,0,6,"#NULL!","#NULL!",0,6,6,0,6,"#NULL!","#NULL!",-2.27,-0.74,"#NULL!","#NULL!",27,"#NULL!","#NULL!",45,0,"#NULL!",6
"S289","#NULL!",12,2,6,6,33,50,17,1,"#NULL!","#NULL!",3,8,3,8,5,"#NULL!","#NULL!",2,8,"#NULL!","#NULL!",-1.69,-0.5,"#NULL!",33,50,"#NULL!",0,"#NULL!",5
"S290","#NULL!",12,2,8,6,33,39,6,2,2,6,"#NULL!","#NULL!",2,6,4,2,4,"#NULL!","#NULL!",-1.71,-1.24,"#NULL!","#NULL!",33,"#NULL!","#NULL!",39,0,"#NULL!",4
"S309","#NULL!",13,1,"#NULL!",3,41,36,-5,1,5,4,"#NULL!","#NULL!",5,4,-1,5,3,"#NULL!","#NULL!",-0.86,-1.49,"#NULL!","#NULL!",41,"#NULL!","#NULL!",36,0,"#NULL!",-1
"S310","#NULL!",13,2,7,3,45,36,-9,2,"#NULL!","#NULL!",7,3,7,3,-4,"#NULL!","#NULL!",6,3,"#NULL!","#NULL!",-0.49,-1.86,"#NULL!",45,36,"#NULL!",0,"#NULL!",-4
"S311","#NULL!",13,2,3,3,41,33,-8,1,6,2,"#NULL!","#NULL!",6,2,-4,5,2,"#NULL!","#NULL!",-0.86,-1.74,"#NULL!","#NULL!",41,"#NULL!","#NULL!",33,0,"#NULL!",-4
"S312","#NULL!",13,2,3,3,36,47,11,2,"#NULL!","#NULL!",4,7,4,7,3,"#NULL!","#NULL!",3,7,"#NULL!","#NULL!",-1.39,-0.78,"#NULL!",36,47,"#NULL!",0,"#NULL!",3
"S313","#NULL!",13,1,8,3,44,36,-8,1,6,3,"#NULL!","#NULL!",6,3,-3,6,3,"#NULL!","#NULL!",-0.58,-1.49,"#NULL!","#NULL!",44,"#NULL!","#NULL!",36,0,"#NULL!",-3
"S314","#NULL!",13,2,3,3,41,51,10,1,5,8,"#NULL!","#NULL!",5,8,3,5,8,"#NULL!","#NULL!",-0.86,-0.25,"#NULL!","#NULL!",41,"#NULL!","#NULL!",51,0,"#NULL!",3
"S321","#NULL!",14,1,4,3,33,33,0,1,2,2,"#NULL!","#NULL!",2,2,0,2,2,"#NULL!","#NULL!",-1.71,-1.74,"#NULL!","#NULL!",33,"#NULL!","#NULL!",33,0,"#NULL!",0
"S322","#NULL!",14,2,8,3,42,50,8,2,"#NULL!","#NULL!",5,8,5,8,3,"#NULL!","#NULL!",5,8,"#NULL!","#NULL!",-0.79,-0.5,"#NULL!",42,50,"#NULL!",0,"#NULL!",3
"S339","#NULL!",15,1,3,5,27,27,0,1,1,0,"#NULL!","#NULL!",1,0,-1,0,0,"#NULL!","#NULL!",-2.27,-2.23,"#NULL!","#NULL!",27,"#NULL!","#NULL!",27,0,"#NULL!",-1
"S340","#NULL!",15,2,7,2,48,58,10,2,"#NULL!","#NULL!",7,11,7,11,4,"#NULL!","#NULL!",7,11,"#NULL!","#NULL!",-0.19,0.31,"#NULL!",48,58,"#NULL!",0,"#NULL!",4
"S341","#NULL!",15,1,7,2,53,57,4,1,9,10,"#NULL!","#NULL!",9,10,1,9,10,"#NULL!","#NULL!",0.27,0.25,"#NULL!","#NULL!",53,"#NULL!","#NULL!",57,0,"#NULL!",1
"S342","#NULL!",15,2,6,2,48,44,-4,2,"#NULL!","#NULL!",8,6,8,6,-2,"#NULL!","#NULL!",7,6,"#NULL!","#NULL!",-0.19,-1.05,"#NULL!",48,44,"#NULL!",0,"#NULL!",-2
